<?xml version="1.0" encoding="UTF-8"?><ConceptMap xmlns="http://hl7.org/fhir"><id value="mappingPrescriptionCDAFHIR"/><text><status value="generated"/><div xmlns="http://www.w3.org/1999/xhtml"><p class="res-header-id"><b>Narratif généré : CarteDeConcepts mappingPrescriptionCDAFHIR</b></p><a name="mappingPrescriptionCDAFHIR"> </a><a name="hcmappingPrescriptionCDAFHIR"> </a><p>Mapping de (non spécifié) vers (non spécifié)</p><br/><p><b>Groupe 1 </b>Mapping de <a href="StructureDefinition-fr-lm-prescription.html">Modèle logique métier - FR LM Prescription</a> to <a href="StructureDefinition-fr-cda-inFulfillment-of.html">CDA - inFulfillmentOf</a></p><table class="grid"><tr><td><b>Code source</b></td><td><b>relation</b></td><td><b>Code cible</b></td></tr><tr><td>FRLMPrescription</td><td><a href="http://hl7.org/fhir/R5/codesystem-concept-map-relationship.html#equivalent" title="equivalent">is equivalent to</a></td><td>inFulfillmentOf</td></tr><tr><td>FRLMPrescription.identifiantPrescription</td><td><a href="http://hl7.org/fhir/R5/codesystem-concept-map-relationship.html#equivalent" title="equivalent">is equivalent to</a></td><td>inFulfillmentOf.order.id</td></tr><tr><td>FRLMPrescription.accessionNumber</td><td><a href="http://hl7.org/fhir/R5/codesystem-concept-map-relationship.html#equivalent" title="equivalent">is equivalent to</a></td><td>inFulfillmentOf.order.ps3-20:accessionNumber</td></tr></table><hr/><p><b>Groupe 2 </b>Mapping de <a href="StructureDefinition-fr-cda-inFulfillment-of.html">CDA - inFulfillmentOf</a> to <a href="http://hl7.org/fhir/extensions/5.2.0/StructureDefinition-event-basedOn.html">Based on</a></p><table class="grid"><tr><td><b>Code source</b></td><td><b>relation</b></td><td><b>Code cible</b></td></tr><tr><td>inFulfillmentOf</td><td><a href="http://hl7.org/fhir/R5/codesystem-concept-map-relationship.html#equivalent" title="equivalent">is equivalent to</a></td><td>extension:basedOn</td></tr><tr><td>inFulfillmentOf.order.id</td><td><a href="http://hl7.org/fhir/R5/codesystem-concept-map-relationship.html#equivalent" title="equivalent">is equivalent to</a></td><td>extension:basedOnExtension.ValueReference.ServiceRequest.identifier</td></tr><tr><td>inFulfillmentOf.order.ps3-20:accessionNumber</td><td><a href="http://hl7.org/fhir/R5/codesystem-concept-map-relationship.html#equivalent" title="equivalent">is equivalent to</a></td><td>extension:basedOn.ValueReference.ServiceRequest.identifier</td></tr></table></div></text><url value="https://interop.esante.gouv.fr/ig/document/core/ConceptMap/mappingPrescriptionCDAFHIR"/><version value="0.1.0"/><name value="Mapping Métier/CDA/FHIR : &quot;Prescription&quot;"/><title value="Mapping Métier/CDA/FHIR : &quot;Prescription&quot;"/><status value="draft"/><experimental value="false"/><date value="2025-12-15T09:06:09+00:00"/><publisher value="Agence du Numérique en Santé (ANS) - 2-10 Rue d'Oradour-sur-Glane, 75015 Paris"/><contact><name value="Agence du Numérique en Santé (ANS) - 2-10 Rue d'Oradour-sur-Glane, 75015 Paris"/><telecom><system value="url"/><value value="https://esante.gouv.fr"/></telecom></contact><description value="Ce ConceptMap présente deux groupes de mapping : &#xA; - Mapping 1 : entre le modèle métier \&quot;prescription\&quot; et l'élément CDA \&quot;inFulfillmentOf\&quot;&#xA; - Mapping 2 : entre l'élément CDA \&quot;inFulfillmentOf\&quot; et l'extension FHIR \&quot;OrderExtension\&quot; "/><jurisdiction><coding><system value="urn:iso:std:iso:3166"/><code value="FR"/><display value="FRANCE"/></coding></jurisdiction><group><source value="https://interop.esante.gouv.fr/ig/document/core/StructureDefinition/fr-lm-prescription"/><target value="https://interop.esante.gouv.fr/ig/document/core/StructureDefinition/fr-cda-inFulfillment-of"/><element><code value="FRLMPrescription"/><target><code value="inFulfillmentOf"/><equivalence value="equivalent"/></target></element><element><code value="FRLMPrescription.identifiantPrescription"/><target><code value="inFulfillmentOf.order.id"/><equivalence value="equivalent"/></target></element><element><code value="FRLMPrescription.accessionNumber"/><target><code value="inFulfillmentOf.order.ps3-20:accessionNumber"/><equivalence value="equivalent"/></target></element></group><group><source value="https://interop.esante.gouv.fr/ig/document/core/StructureDefinition/fr-cda-inFulfillment-of"/><target value="http://hl7.org/fhir/StructureDefinition/event-basedOn"/><element><code value="inFulfillmentOf"/><target><code value="extension:basedOn"/><equivalence value="equivalent"/></target></element><element><code value="inFulfillmentOf.order.id"/><target><code value="extension:basedOnExtension.ValueReference.ServiceRequest.identifier"/><equivalence value="equivalent"/></target></element><element><code value="inFulfillmentOf.order.ps3-20:accessionNumber"/><target><code value="extension:basedOn.ValueReference.ServiceRequest.identifier"/><equivalence value="equivalent"/></target></element></group></ConceptMap>