<?xml version="1.0" encoding="UTF-8"?><ValueSet xmlns="http://hl7.org/fhir"><id value="fr-vs-procedure-code"/><text><status value="generated"/><div xmlns="http://www.w3.org/1999/xhtml"><p class="res-header-id"><b>Narratif généré : EnsembleValeurs fr-vs-procedure-code</b></p><a name="fr-vs-procedure-code"> </a><a name="hcfr-vs-procedure-code"> </a><p>Ce jeu de valeur (ValueSet) inclut les codes selon les règles suivantes :</p><ul><li>Inclut tous les codes définis dans <a href="https://interop.esante.gouv.fr/terminologies/1.4.0/CodeSystem-terminologie-ccam.html"><code>https://smt.esante.gouv.fr/terminologie-ccam</code></a><span title="La version nest pas explicitement indiquée. Aucun {0} correspondant trouvé"> version Non précisé (utilise la dernière version provenant du serveur de terminologie)</span></li><li>Inclut ce(s) code(s) tel quil(s) est (sont) défini(s) dans <a href="http://terminology.hl7.org/6.5.0/CodeSystem-v3-nciThesaurus.html"><code>http://ncicb.nci.nih.gov/xml/owl/EVS/Thesaurus.owl</code></a><span title="La version nest pas explicitement indiquée. Aucun {0} correspondant trouvé"> version Non précisé (utilise la dernière version provenant du serveur de terminologie)</span><table class="none"><tr><td style="white-space:nowrap"><b>Code</b></td><td><b>Affichage</b></td></tr><tr><td>C25218</td><td/></tr></table></li><li>Importe tous les codes contenu dans <a href="https://interop.esante.gouv.fr/terminologies/1.4.0/ValueSet-jdv-absent-or-unknown-procedure-cisis.html">JDV Absent Or Unknown Procedure CISIS</a></li></ul></div></text><url value="https://interop.esante.gouv.fr/ig/document/core/ValueSet/fr-vs-procedure-code"/><version value="0.1.0"/><name value="FRValueSetProcedureCodeDocument"/><title value="ValueSet – FR ValueSet Codes d’actes"/><status value="draft"/><date value="2025-12-15T10:54:30+00:00"/><publisher value="Agence du Numérique en Santé (ANS) - 2-10 Rue d'Oradour-sur-Glane, 75015 Paris"/><contact><name value="Agence du Numérique en Santé (ANS) - 2-10 Rue d'Oradour-sur-Glane, 75015 Paris"/><telecom><system value="url"/><value value="https://esante.gouv.fr"/></telecom></contact><description value="Codes autorisés pour indiquer un acte.&#xA;Inclut :&#xA;- Terminologie CCAM&#xA;- NCIT (code C25218 : 'Intervention') si l'acte n'est pas trouvé dans CCAM&#xA;- CISIS jdv-absent-or-unknown-procedure-cisis pour actes chirurgicaux inconnus ou absents.&#xA;&#xA;Si aucun code approprié n’est disponible, l’acte peut être décrit en texte libre."/><jurisdiction><coding><system value="urn:iso:std:iso:3166"/><code value="FR"/><display value="FRANCE"/></coding></jurisdiction><compose><include><system value="https://smt.esante.gouv.fr/terminologie-ccam"/></include><include><system value="http://ncicb.nci.nih.gov/xml/owl/EVS/Thesaurus.owl"/><concept><code value="C25218"/></concept></include><include><valueSet value="https://smt.esante.gouv.fr/fhir/ValueSet/jdv-absent-or-unknown-procedure-cisis"/></include></compose></ValueSet>