{"resourceType":"ValueSet","id":"fr-vs-medication-translation-document","text":{"status":"generated","div":"<div xmlns=\"http://www.w3.org/1999/xhtml\"><p class=\"res-header-id\"><b>Narratif généré : EnsembleValeurs fr-vs-medication-translation-document</b></p><a name=\"fr-vs-medication-translation-document\"> </a><a name=\"hcfr-vs-medication-translation-document\"> </a><p>Ce jeu de valeur (ValueSet) inclut les codes selon les règles suivantes :</p><ul><li>Inclut tous les codes définis dans <a href=\"https://interop.esante.gouv.fr/terminologies/1.4.0/CodeSystem-terminologie-bdpm.html\"><code>https://smt.esante.gouv.fr/terminologie-bdpm</code></a><span title=\"La version nest pas explicitement indiquée. Aucun {0} correspondant trouvé\"> version Non précisé (utilise la dernière version provenant du serveur de terminologie)</span></li><li>Inclut tous les codes définis dans <code>https://smt.esante.gouv.fr/terminologie-cip_ucd</code><span title=\"La version nest pas explicitement indiquée. Aucun {0} correspondant trouvé\"> version Non précisé (utilise la dernière version provenant du serveur de terminologie)</span></li><li>Inclut tous les codes définis dans <a href=\"https://interop.esante.gouv.fr/terminologies/1.4.0/CodeSystem-terminologie-atc.html\"><code>https://smt.esante.gouv.fr/terminologie-atc</code></a><span title=\"La version nest pas explicitement indiquée. Aucun {0} correspondant trouvé\"> version Non précisé (utilise la dernière version provenant du serveur de terminologie)</span></li><li>Inclut tous les codes définis dans <code>https://smt.esante.gouv.fr/terminologie-medicabase</code><span title=\"La version nest pas explicitement indiquée. Aucun {0} correspondant trouvé\"> version Non précisé (utilise la dernière version provenant du serveur de terminologie)</span></li></ul></div>"},"url":"https://interop.esante.gouv.fr/ig/document/core/ValueSet/fr-vs-medication-translation-document","version":"0.1.0","name":"FRValueSetMedicationTranslationDocument","title":"ValueSet - FR ValueSet Medication Translation Document","status":"draft","experimental":false,"date":"2026-01-09T15:13:58+00:00","publisher":"Agence du Numérique en Santé (ANS) - 2-10 Rue d'Oradour-sur-Glane, 75015 Paris","contact":[{"name":"Agence du Numérique en Santé (ANS) - 2-10 Rue d'Oradour-sur-Glane, 75015 Paris","telecom":[{"system":"url","value":"https://esante.gouv.fr"}]}],"description":"Systèmes autorisés pour les autres codifications.","jurisdiction":[{"coding":[{"system":"urn:iso:std:iso:3166","code":"FR","display":"FRANCE"}]}],"compose":{"include":[{"system":"https://smt.esante.gouv.fr/terminologie-bdpm"},{"system":"https://smt.esante.gouv.fr/terminologie-cip_ucd"},{"system":"https://smt.esante.gouv.fr/terminologie-atc"},{"system":"https://smt.esante.gouv.fr/terminologie-medicabase"}]}}