{"resourceType":"ConceptMap","id":"mappingPrescriptionCDAFHIR","text":{"status":"generated","div":"<div xmlns=\"http://www.w3.org/1999/xhtml\"><p class=\"res-header-id\"><b>Narratif généré : CarteDeConcepts mappingPrescriptionCDAFHIR</b></p><a name=\"mappingPrescriptionCDAFHIR\"> </a><a name=\"hcmappingPrescriptionCDAFHIR\"> </a><p>Mapping de (non spécifié) vers (non spécifié)</p><br/><p><b>Groupe 1 </b>Mapping de <a href=\"StructureDefinition-fr-lm-prescription.html\">Modèle logique métier - FR LM Prescription</a> to <a href=\"StructureDefinition-fr-cda-inFulfillment-of.html\">CDA - inFulfillmentOf</a></p><table class=\"grid\"><tr><td><b>Code source</b></td><td><b>relation</b></td><td><b>Code cible</b></td></tr><tr><td>FRLMPrescription</td><td><a href=\"http://hl7.org/fhir/R5/codesystem-concept-map-relationship.html#equivalent\" title=\"equivalent\">is equivalent to</a></td><td>inFulfillmentOf</td></tr><tr><td>FRLMPrescription.identifiantPrescription</td><td><a href=\"http://hl7.org/fhir/R5/codesystem-concept-map-relationship.html#equivalent\" title=\"equivalent\">is equivalent to</a></td><td>inFulfillmentOf.order.id</td></tr><tr><td>FRLMPrescription.accessionNumber</td><td><a href=\"http://hl7.org/fhir/R5/codesystem-concept-map-relationship.html#equivalent\" title=\"equivalent\">is equivalent to</a></td><td>inFulfillmentOf.order.ps3-20:accessionNumber</td></tr></table><hr/><p><b>Groupe 2 </b>Mapping de <a href=\"StructureDefinition-fr-cda-inFulfillment-of.html\">CDA - inFulfillmentOf</a> to <a href=\"http://hl7.org/fhir/extensions/5.2.0/StructureDefinition-event-basedOn.html\">Based on</a></p><table class=\"grid\"><tr><td><b>Code source</b></td><td><b>relation</b></td><td><b>Code cible</b></td></tr><tr><td>inFulfillmentOf</td><td><a href=\"http://hl7.org/fhir/R5/codesystem-concept-map-relationship.html#equivalent\" title=\"equivalent\">is equivalent to</a></td><td>extension:basedOn</td></tr><tr><td>inFulfillmentOf.order.id</td><td><a href=\"http://hl7.org/fhir/R5/codesystem-concept-map-relationship.html#equivalent\" title=\"equivalent\">is equivalent to</a></td><td>extension:basedOnExtension.ValueReference.ServiceRequest.identifier</td></tr><tr><td>inFulfillmentOf.order.ps3-20:accessionNumber</td><td><a href=\"http://hl7.org/fhir/R5/codesystem-concept-map-relationship.html#equivalent\" title=\"equivalent\">is equivalent to</a></td><td>extension:basedOn.ValueReference.ServiceRequest.identifier</td></tr></table></div>"},"url":"https://interop.esante.gouv.fr/ig/document/core/ConceptMap/mappingPrescriptionCDAFHIR","version":"0.1.0","name":"Mapping Métier/CDA/FHIR : \"Prescription\"","title":"Mapping Métier/CDA/FHIR : \"Prescription\"","status":"draft","experimental":false,"date":"2025-12-03T16:47:23+00:00","publisher":"Agence du Numérique en Santé (ANS) - 2-10 Rue d'Oradour-sur-Glane, 75015 Paris","contact":[{"name":"Agence du Numérique en Santé (ANS) - 2-10 Rue d'Oradour-sur-Glane, 75015 Paris","telecom":[{"system":"url","value":"https://esante.gouv.fr"}]}],"description":"Ce ConceptMap présente deux groupes de mapping : \n - Mapping 1 : entre le modèle métier \\\"prescription\\\" et l'élément CDA \\\"inFulfillmentOf\\\"\n - Mapping 2 : entre l'élément CDA \\\"inFulfillmentOf\\\" et l'extension FHIR \\\"OrderExtension\\\" ","jurisdiction":[{"coding":[{"system":"urn:iso:std:iso:3166","code":"FR","display":"FRANCE"}]}],"group":[{"source":"https://interop.esante.gouv.fr/ig/document/core/StructureDefinition/fr-lm-prescription","target":"https://interop.esante.gouv.fr/ig/document/core/StructureDefinition/fr-cda-inFulfillment-of","element":[{"code":"FRLMPrescription","target":[{"code":"inFulfillmentOf","equivalence":"equivalent"}]},{"code":"FRLMPrescription.identifiantPrescription","target":[{"code":"inFulfillmentOf.order.id","equivalence":"equivalent"}]},{"code":"FRLMPrescription.accessionNumber","target":[{"code":"inFulfillmentOf.order.ps3-20:accessionNumber","equivalence":"equivalent"}]}]},{"source":"https://interop.esante.gouv.fr/ig/document/core/StructureDefinition/fr-cda-inFulfillment-of","target":"http://hl7.org/fhir/StructureDefinition/event-basedOn","element":[{"code":"inFulfillmentOf","target":[{"code":"extension:basedOn","equivalence":"equivalent"}]},{"code":"inFulfillmentOf.order.id","target":[{"code":"extension:basedOnExtension.ValueReference.ServiceRequest.identifier","equivalence":"equivalent"}]},{"code":"inFulfillmentOf.order.ps3-20:accessionNumber","target":[{"code":"extension:basedOn.ValueReference.ServiceRequest.identifier","equivalence":"equivalent"}]}]}]}