{"resourceType":"ConceptMap","id":"mappingStructureConservationCDAFHIR","text":{"status":"generated","div":"<div xmlns=\"http://www.w3.org/1999/xhtml\"><p class=\"res-header-id\"><b>Narratif généré : CarteDeConcepts mappingStructureConservationCDAFHIR</b></p><a name=\"mappingStructureConservationCDAFHIR\"> </a><a name=\"hcmappingStructureConservationCDAFHIR\"> </a><p>Mapping de (non spécifié) vers (non spécifié)</p><br/><p><b>Groupe 1 </b>Mapping de <a href=\"StructureDefinition-fr-lm-structure-conservation.html\">Modèle logique métier - FR LM Structure conservation</a> to <a href=\"StructureDefinition-fr-cda-custodian.html\">CDA - custodian</a></p><table class=\"grid\"><tr><td><b>Code source</b></td><td><b>relation</b></td><td><b>Code cible</b></td></tr><tr><td>FRLMStructureConservation</td><td><a href=\"http://hl7.org/fhir/R5/codesystem-concept-map-relationship.html#equivalent\" title=\"equivalent\">is equivalent to</a></td><td>custodian</td></tr><tr><td>FRLMStructureConservation.structure</td><td><a href=\"http://hl7.org/fhir/R5/codesystem-concept-map-relationship.html#equivalent\" title=\"equivalent\">is equivalent to</a></td><td>custodian.assignedCustodian</td></tr><tr><td>FRLMStructureConservation.structure.identifiantStructure</td><td><a href=\"http://hl7.org/fhir/R5/codesystem-concept-map-relationship.html#equivalent\" title=\"equivalent\">is equivalent to</a></td><td>custodian.assignedCustodian.representedCustodianOrganization.id</td></tr><tr><td>FRLMStructureConservation.structure.nomStructure</td><td><a href=\"http://hl7.org/fhir/R5/codesystem-concept-map-relationship.html#equivalent\" title=\"equivalent\">is equivalent to</a></td><td>custodian.assignedCustodian.representedCustodianOrganization.name</td></tr><tr><td>FRLMStructureConservation.structure.adresse</td><td><a href=\"http://hl7.org/fhir/R5/codesystem-concept-map-relationship.html#equivalent\" title=\"equivalent\">is equivalent to</a></td><td>custodian.assignedCustodian.representedCustodianOrganization.addr</td></tr><tr><td>FRLMStructureConservation.structure.coordonneesTelecom</td><td><a href=\"http://hl7.org/fhir/R5/codesystem-concept-map-relationship.html#equivalent\" title=\"equivalent\">is equivalent to</a></td><td>custodian.assignedCustodian.representedCustodianOrganization.telecom</td></tr></table><hr/><p><b>Groupe 2 </b>Mapping de <a href=\"StructureDefinition-fr-cda-custodian.html\">CDA - custodian</a> to <a href=\"StructureDefinition-fr-composition-document.html\">FR Composition Document</a></p><table class=\"grid\"><tr><td><b>Code source</b></td><td><b>relation</b></td><td><b>Code cible</b></td><td><b>Commentaire</b></td></tr><tr><td>custodian</td><td><a href=\"http://hl7.org/fhir/R5/codesystem-concept-map-relationship.html#equivalent\" title=\"equivalent\">is equivalent to</a></td><td>Composition.custodian</td><td>Composition.custodian.resolve().ofType(Organization)</td></tr><tr><td>custodian.assignedCustodian</td><td><a href=\"http://hl7.org/fhir/R5/codesystem-concept-map-relationship.html#equivalent\" title=\"equivalent\">is equivalent to</a></td><td>Composition.custodian.organization</td><td/></tr><tr><td>custodian.assignedCustodian.representedCustodianOrganization.id</td><td><a href=\"http://hl7.org/fhir/R5/codesystem-concept-map-relationship.html#equivalent\" title=\"equivalent\">is equivalent to</a></td><td>Composition.custodian.organization.identifier</td><td/></tr><tr><td>custodian.assignedCustodian.representedCustodianOrganization.name</td><td><a href=\"http://hl7.org/fhir/R5/codesystem-concept-map-relationship.html#equivalent\" title=\"equivalent\">is equivalent to</a></td><td>Composition.custodian.organization.name</td><td/></tr><tr><td>custodian.assignedCustodian.representedCustodianOrganization.addr</td><td><a href=\"http://hl7.org/fhir/R5/codesystem-concept-map-relationship.html#equivalent\" title=\"equivalent\">is equivalent to</a></td><td>Composition.custodian.organization.address</td><td/></tr><tr><td>custodian.assignedCustodian.representedCustodianOrganization.telecom</td><td><a href=\"http://hl7.org/fhir/R5/codesystem-concept-map-relationship.html#equivalent\" title=\"equivalent\">is equivalent to</a></td><td>Composition.custodian.organization.telecom</td><td/></tr></table></div>"},"url":"https://interop.esante.gouv.fr/ig/document/core/ConceptMap/mappingStructureConservationCDAFHIR","version":"0.1.0","name":"Mapping Métier/CDA/FHIR : \"Structure chargée de la conservation du document\"","title":"Mapping Métier/CDA/FHIR : \"Structure chargée de la conservation du document\"","status":"draft","experimental":false,"date":"2026-01-08T10:06:53+00:00","publisher":"Agence du Numérique en Santé (ANS) - 2-10 Rue d'Oradour-sur-Glane, 75015 Paris","contact":[{"name":"Agence du Numérique en Santé (ANS) - 2-10 Rue d'Oradour-sur-Glane, 75015 Paris","telecom":[{"system":"url","value":"https://esante.gouv.fr"}]}],"description":"Ce ConceptMap présente deux groupes de mapping : \n - Mapping 1 : entre le modèle métier \\\"structureConservation\\\" et l'élément CDA \\\"custodian\\\"\n - Mapping 2 : entre l'élément CDA \\\"custodian\\\" et l'élément FHIR \\\"Composition.custodian\\\" ","jurisdiction":[{"coding":[{"system":"urn:iso:std:iso:3166","code":"FR","display":"FRANCE"}]}],"group":[{"source":"https://interop.esante.gouv.fr/ig/document/core/StructureDefinition/fr-lm-structure-conservation","target":"https://interop.esante.gouv.fr/ig/document/core/StructureDefinition/fr-cda-custodian","element":[{"code":"FRLMStructureConservation","target":[{"code":"custodian","equivalence":"equivalent"}]},{"code":"FRLMStructureConservation.structure","target":[{"code":"custodian.assignedCustodian","equivalence":"equivalent"}]},{"code":"FRLMStructureConservation.structure.identifiantStructure","target":[{"code":"custodian.assignedCustodian.representedCustodianOrganization.id","equivalence":"equivalent"}]},{"code":"FRLMStructureConservation.structure.nomStructure","target":[{"code":"custodian.assignedCustodian.representedCustodianOrganization.name","equivalence":"equivalent"}]},{"code":"FRLMStructureConservation.structure.adresse","target":[{"code":"custodian.assignedCustodian.representedCustodianOrganization.addr","equivalence":"equivalent"}]},{"code":"FRLMStructureConservation.structure.coordonneesTelecom","target":[{"code":"custodian.assignedCustodian.representedCustodianOrganization.telecom","equivalence":"equivalent"}]}]},{"source":"https://interop.esante.gouv.fr/ig/document/core/StructureDefinition/fr-cda-custodian","target":"https://interop.esante.gouv.fr/ig/document/core/StructureDefinition/fr-composition-document","element":[{"code":"custodian","target":[{"code":"Composition.custodian","equivalence":"equivalent","comment":"Composition.custodian.resolve().ofType(Organization)"}]},{"code":"custodian.assignedCustodian","target":[{"code":"Composition.custodian.organization","equivalence":"equivalent"}]},{"code":"custodian.assignedCustodian.representedCustodianOrganization.id","target":[{"code":"Composition.custodian.organization.identifier","equivalence":"equivalent"}]},{"code":"custodian.assignedCustodian.representedCustodianOrganization.name","target":[{"code":"Composition.custodian.organization.name","equivalence":"equivalent"}]},{"code":"custodian.assignedCustodian.representedCustodianOrganization.addr","target":[{"code":"Composition.custodian.organization.address","equivalence":"equivalent"}]},{"code":"custodian.assignedCustodian.representedCustodianOrganization.telecom","target":[{"code":"Composition.custodian.organization.telecom","equivalence":"equivalent"}]}]}]}