"Id","Path","Slice Name","Alias(s)","Label","Min","Max","Must Support?","Is Modifier?","Is Summary?","Type(s)","Short","Definition","Comments","Requirements","Default Value","Meaning When Missing","Fixed Value","Pattern","Example","Minimum Value","Maximum Value","Maximum Length","Binding Strength","Binding Description","Binding Value Set","Code","Slicing Discriminator","Slicing Description","Slicing Ordered","Slicing Rules","Base Path","Base Min","Base Max","Condition(s)","Constraint(s)"
"fr-lm-demande-examen-imagerie","fr-lm-demande-examen-imagerie","","","",0,*,"","","","null {[]} {[]}
","Modèle logique métier - FR LM Demande d'examen d'imagerie","Section Demande d'examen d'imagerie","","","","","","","","","",,,,,"",,,,"Base",0,*,"",""
"fr-lm-demande-examen-imagerie.codeSection","fr-lm-demande-examen-imagerie.codeSection","","","",1,1,"","","","CodeableConcept {[]} {[]}
","Code de la section","Code de la section","","","","","","","","","",,,,,"",,,,"fr-lm-section.codeSection",1,1,"",""
"fr-lm-demande-examen-imagerie.titreSection","fr-lm-demande-examen-imagerie.titreSection","","","",1,1,"","","","string {[]} {[]}
","Titre de la section","Titre de la section","","","","","","","","","",,,,,"",,,,"fr-lm-section.titreSection",0,1,"",""
"fr-lm-demande-examen-imagerie.blocNarratif","fr-lm-demande-examen-imagerie.blocNarratif","","","",1,1,"","","","Narrative {[]} {[]}
","Bloc narratif","Bloc narratif","","","","","","","","","",,,,,"",,,,"fr-lm-section.blocNarratif",1,1,"",""
"fr-lm-demande-examen-imagerie.sousSection","fr-lm-demande-examen-imagerie.sousSection","","","",0,0,"","","","Base {[]} {[]}
","Sous-sections","Sous-sections","","","","","","","","","",,,,,"",,,,"fr-lm-section.sousSection",0,*,"",""
"fr-lm-demande-examen-imagerie.entree","fr-lm-demande-examen-imagerie.entree","","","",0,0,"","","","Base {[]} {[]}
","Entrées","Entrées","","","","","","","","","",,,,,"",,,,"fr-lm-section.entree",0,*,"",""
