<?xml version="1.0" encoding="UTF-8"?><ConceptMap xmlns="http://hl7.org/fhir"><id value="FRAdverseEventLMCDAFHIR"/><text><status value="generated"/><div xmlns="http://www.w3.org/1999/xhtml"><p class="res-header-id"><b>Narratif généré : CarteDeConcepts FRAdverseEventLMCDAFHIR</b></p><a name="FRAdverseEventLMCDAFHIR"> </a><a name="hcFRAdverseEventLMCDAFHIR"> </a><p>Mapping de (non spécifié) vers (non spécifié)</p><br/><p><b>Groupe 1 </b>Mapping de <a href="StructureDefinition-fr-lm-effet-indesirable.html">Modèle logique métier - FR LM Effet indesirable</a> to <code>https://interop.esante.gouv.fr/ig/document/core/StructureDefinition/fr-cda-effet-indesirable</code></p><table class="grid"><tr><td><b>Code source</b></td><td><b>relation</b></td><td><b>Code cible</b></td></tr><tr><td>FRLMEffetIndesirable</td><td><a href="http://hl7.org/fhir/R5/codesystem-concept-map-relationship.html#equivalent" title="equivalent">is equivalent to</a></td><td>FRCDAEffetIndesirable</td></tr><tr><td>FRLMEffetIndesirable.identifiant</td><td><a href="http://hl7.org/fhir/R5/codesystem-concept-map-relationship.html#equivalent" title="equivalent">is equivalent to</a></td><td>FRCDAEffetIndesirable.id</td></tr><tr><td>FRLMEffetIndesirable.typeEffetIndesirable</td><td><a href="http://hl7.org/fhir/R5/codesystem-concept-map-relationship.html#equivalent" title="equivalent">is equivalent to</a></td><td>FRCDAEffetIndesirable.code</td></tr><tr><td>FRLMEffetIndesirable.description</td><td><a href="http://hl7.org/fhir/R5/codesystem-concept-map-relationship.html#equivalent" title="equivalent">is equivalent to</a></td><td>FRCDAEffetIndesirable.text</td></tr><tr><td>FRLMEffetIndesirable.dateDebutFin</td><td><a href="http://hl7.org/fhir/R5/codesystem-concept-map-relationship.html#equivalent" title="equivalent">is equivalent to</a></td><td>FRCDAEffetIndesirable.effectiveTime</td></tr><tr><td>FRLMEffetIndesirable.valeur</td><td><a href="http://hl7.org/fhir/R5/codesystem-concept-map-relationship.html#equivalent" title="equivalent">is equivalent to</a></td><td>FRCDAEffetIndesirable.value</td></tr><tr><td>FRLMEffetIndesirable.traitement</td><td><a href="http://hl7.org/fhir/R5/codesystem-concept-map-relationship.html#equivalent" title="equivalent">is equivalent to</a></td><td>FRCDAEffetIndesirable.entryRelationship:frTraitement</td></tr><tr><td>FRLMEffetIndesirable.probleme</td><td><a href="http://hl7.org/fhir/R5/codesystem-concept-map-relationship.html#equivalent" title="equivalent">is equivalent to</a></td><td>FRCDAEffetIndesirable.entryRelationship:frProbleme</td></tr><tr><td>FRLMEffetIndesirable.imputabiliteEffetIndesirable</td><td><a href="http://hl7.org/fhir/R5/codesystem-concept-map-relationship.html#equivalent" title="equivalent">is equivalent to</a></td><td>FRCDAEffetIndesirable.entryRelationship:frImputabiliteEffetIndesirable</td></tr><tr><td>FRLMEffetIndesirable.graviteEffetIndesirable</td><td><a href="http://hl7.org/fhir/R5/codesystem-concept-map-relationship.html#equivalent" title="equivalent">is equivalent to</a></td><td>FRCDAEffetIndesirable.entryRelationship:frGraviteEffetIndesirable</td></tr><tr><td>FRLMEffetIndesirable.evolutionEffetIndesirable</td><td><a href="http://hl7.org/fhir/R5/codesystem-concept-map-relationship.html#equivalent" title="equivalent">is equivalent to</a></td><td>FRCDAEffetIndesirable.entryRelationship:frEvolutionEffetIndesirable</td></tr></table><hr/><p><b>Groupe 2 </b>Mapping de <code>https://interop.esante.gouv.fr/ig/document/core/StructureDefinition/fr-cda-effet-indesirable</code> to <a href="StructureDefinition-fr-adverse-event-document.html">AdverseEvent - FR adverse event Document</a></p><table class="grid"><tr><td><b>Code source</b></td><td><b>relation</b></td><td><b>Code cible</b></td></tr><tr><td>FRCDAEffetIndesirable</td><td><a href="http://hl7.org/fhir/R5/codesystem-concept-map-relationship.html#equivalent" title="equivalent">is equivalent to</a></td><td>FRAdverseEventDocument</td></tr><tr><td>FRCDAEffetIndesirable.id</td><td><a href="http://hl7.org/fhir/R5/codesystem-concept-map-relationship.html#equivalent" title="equivalent">is equivalent to</a></td><td>FRAdverseEventDocument.identifier</td></tr><tr><td>FRCDAEffetIndesirable.code</td><td><a href="http://hl7.org/fhir/R5/codesystem-concept-map-relationship.html#equivalent" title="equivalent">is equivalent to</a></td><td>FRAdverseEventDocument.category</td></tr><tr><td>FRCDAEffetIndesirable.text</td><td><a href="http://hl7.org/fhir/R5/codesystem-concept-map-relationship.html#equivalent" title="equivalent">is equivalent to</a></td><td>FRAdverseEventDocument.category.text</td></tr><tr><td>FRCDAEffetIndesirable.effectiveTime.low</td><td><a href="http://hl7.org/fhir/R5/codesystem-concept-map-relationship.html#equivalent" title="equivalent">is equivalent to</a></td><td>FRAdverseEventDocument.date</td></tr><tr><td>FRCDAEffetIndesirable.effectiveTime.high</td><td><a href="http://hl7.org/fhir/R5/codesystem-concept-map-relationship.html#equivalent" title="equivalent">is equivalent to</a></td><td>FRAdverseEventDocument.detected</td></tr><tr><td>FRCDAEffetIndesirable.value</td><td colspan="2" style="background-color: #efefef">(not mapped)</td></tr><tr><td>FRCDAEffetIndesirable.entryRelationship:frTraitement</td><td><a href="http://hl7.org/fhir/R5/codesystem-concept-map-relationship.html#equivalent" title="equivalent">is equivalent to</a></td><td>FRAdverseEventDocument.suspectEntity.instance</td></tr><tr><td>FRCDAEffetIndesirable.entryRelationship:frProbleme</td><td><a href="http://hl7.org/fhir/R5/codesystem-concept-map-relationship.html#equivalent" title="equivalent">is equivalent to</a></td><td>FRAdverseEventDocument.resultingCondition</td></tr><tr><td>FRCDAEffetIndesirable.entryRelationship:frImputabiliteEffetIndesirable</td><td><a href="http://hl7.org/fhir/R5/codesystem-concept-map-relationship.html#equivalent" title="equivalent">is equivalent to</a></td><td>FRAdverseEventDocument.suspectEntity.causality</td></tr><tr><td>FRCDAEffetIndesirable.entryRelationship:frGraviteEffetIndesirable</td><td><a href="http://hl7.org/fhir/R5/codesystem-concept-map-relationship.html#equivalent" title="equivalent">is equivalent to</a></td><td>FRAdverseEventDocument.seriousness</td></tr><tr><td>FRCDAEffetIndesirable.entryRelationship:frEvolutionEffetIndesirable</td><td><a href="http://hl7.org/fhir/R5/codesystem-concept-map-relationship.html#equivalent" title="equivalent">is equivalent to</a></td><td>FRAdverseEventDocument.outcome</td></tr></table></div></text><url value="https://interop.esante.gouv.fr/ig/document/core/ConceptMap/FRAdverseEventLMCDAFHIR"/><version value="0.1.0"/><title value="Mapping Métier/CDA/FHIR : &quot;Effet Indésirable&quot;"/><status value="draft"/><date value="2026-01-09T13:49:11+00:00"/><publisher value="Agence du Numérique en Santé (ANS) - 2-10 Rue d'Oradour-sur-Glane, 75015 Paris"/><contact><name value="Agence du Numérique en Santé (ANS) - 2-10 Rue d'Oradour-sur-Glane, 75015 Paris"/><telecom><system value="url"/><value value="https://esante.gouv.fr"/></telecom></contact><description value="Mapping des éléments du modèle métier FRLMEvenementIndesirable vers le profil CDA FRCDAEvenementIndesirable, puis vers le profil FHIR FRAdverseEvent."/><jurisdiction><coding><system value="urn:iso:std:iso:3166"/><code value="FR"/><display value="FRANCE"/></coding></jurisdiction><group><source value="https://interop.esante.gouv.fr/ig/document/core/StructureDefinition/fr-lm-effet-indesirable"/><target value="https://interop.esante.gouv.fr/ig/document/core/StructureDefinition/fr-cda-effet-indesirable"/><element><code value="FRLMEffetIndesirable"/><target><code value="FRCDAEffetIndesirable"/><equivalence value="equivalent"/></target></element><element><code value="FRLMEffetIndesirable.identifiant"/><target><code value="FRCDAEffetIndesirable.id"/><equivalence value="equivalent"/></target></element><element><code value="FRLMEffetIndesirable.typeEffetIndesirable"/><target><code value="FRCDAEffetIndesirable.code"/><equivalence value="equivalent"/></target></element><element><code value="FRLMEffetIndesirable.description"/><target><code value="FRCDAEffetIndesirable.text"/><equivalence value="equivalent"/></target></element><element><code value="FRLMEffetIndesirable.dateDebutFin"/><target><code value="FRCDAEffetIndesirable.effectiveTime"/><equivalence value="equivalent"/></target></element><element><code value="FRLMEffetIndesirable.valeur"/><target><code value="FRCDAEffetIndesirable.value"/><equivalence value="equivalent"/></target></element><element><code value="FRLMEffetIndesirable.traitement"/><target><code value="FRCDAEffetIndesirable.entryRelationship:frTraitement"/><equivalence value="equivalent"/></target></element><element><code value="FRLMEffetIndesirable.probleme"/><target><code value="FRCDAEffetIndesirable.entryRelationship:frProbleme"/><equivalence value="equivalent"/></target></element><element><code value="FRLMEffetIndesirable.imputabiliteEffetIndesirable"/><target><code value="FRCDAEffetIndesirable.entryRelationship:frImputabiliteEffetIndesirable"/><equivalence value="equivalent"/></target></element><element><code value="FRLMEffetIndesirable.graviteEffetIndesirable"/><target><code value="FRCDAEffetIndesirable.entryRelationship:frGraviteEffetIndesirable"/><equivalence value="equivalent"/></target></element><element><code value="FRLMEffetIndesirable.evolutionEffetIndesirable"/><target><code value="FRCDAEffetIndesirable.entryRelationship:frEvolutionEffetIndesirable"/><equivalence value="equivalent"/></target></element></group><group><source value="https://interop.esante.gouv.fr/ig/document/core/StructureDefinition/fr-cda-effet-indesirable"/><target value="https://interop.esante.gouv.fr/ig/document/core/StructureDefinition/fr-adverse-event-document"/><element><code value="FRCDAEffetIndesirable"/><target><code value="FRAdverseEventDocument"/><equivalence value="equivalent"/></target></element><element><code value="FRCDAEffetIndesirable.id"/><target><code value="FRAdverseEventDocument.identifier"/><equivalence value="equivalent"/></target></element><element><code value="FRCDAEffetIndesirable.code"/><target><code value="FRAdverseEventDocument.category"/><equivalence value="equivalent"/></target></element><element><code value="FRCDAEffetIndesirable.text"/><target><code value="FRAdverseEventDocument.category.text"/><equivalence value="equivalent"/></target></element><element><code value="FRCDAEffetIndesirable.effectiveTime.low"/><target><code value="FRAdverseEventDocument.date"/><equivalence value="equivalent"/></target></element><element><code value="FRCDAEffetIndesirable.effectiveTime.high"/><target><code value="FRAdverseEventDocument.detected"/><equivalence value="equivalent"/></target></element><element><code value="FRCDAEffetIndesirable.value"/><target><equivalence value="unmatched"/></target></element><element><code value="FRCDAEffetIndesirable.entryRelationship:frTraitement"/><target><code value="FRAdverseEventDocument.suspectEntity.instance"/><equivalence value="equivalent"/></target></element><element><code value="FRCDAEffetIndesirable.entryRelationship:frProbleme"/><target><code value="FRAdverseEventDocument.resultingCondition"/><equivalence value="equivalent"/></target></element><element><code value="FRCDAEffetIndesirable.entryRelationship:frImputabiliteEffetIndesirable"/><target><code value="FRAdverseEventDocument.suspectEntity.causality"/><equivalence value="equivalent"/></target></element><element><code value="FRCDAEffetIndesirable.entryRelationship:frGraviteEffetIndesirable"/><target><code value="FRAdverseEventDocument.seriousness"/><equivalence value="equivalent"/></target></element><element><code value="FRCDAEffetIndesirable.entryRelationship:frEvolutionEffetIndesirable"/><target><code value="FRAdverseEventDocument.outcome"/><equivalence value="equivalent"/></target></element></group></ConceptMap>