<?xml version="1.0" encoding="UTF-8"?><ValueSet xmlns="http://hl7.org/fhir"><id value="fr-vs-allergy-substance"/><text><status value="generated"/><div xmlns="http://www.w3.org/1999/xhtml"><p class="res-header-id"><b>Narratif généré : EnsembleValeurs fr-vs-allergy-substance</b></p><a name="fr-vs-allergy-substance"> </a><a name="hcfr-vs-allergy-substance"> </a><p>Ce jeu de valeur (ValueSet) inclut les codes selon les règles suivantes :</p><ul><li>Inclut tous les codes définis dans <a href="https://interop.esante.gouv.fr/terminologies/1.4.0/CodeSystem-terminologie-bdpm.html"><code>https://smt.esante.gouv.fr/terminologie-bdpm</code></a><span title="La version nest pas explicitement indiquée. Aucun {0} correspondant trouvé"> version Non précisé (utilise la dernière version provenant du serveur de terminologie)</span></li><li>Inclut tous les codes définis dans <code>https://smt.esante.gouv.fr/terminologie-cip_ucd</code><span title="La version nest pas explicitement indiquée. Aucun {0} correspondant trouvé"> version Non précisé (utilise la dernière version provenant du serveur de terminologie)</span></li><li>Inclut tous les codes définis dans <a href="http://terminology.hl7.org/6.5.0/CodeSystem-ICD11MMS.html"><code>http://id.who.int/icd/release/11/mms</code></a><span title="La version nest pas explicitement indiquée. Aucun {0} correspondant trouvé"> version Non précisé (utilise la dernière version provenant du serveur de terminologie)</span></li><li>Importe tous les codes contenu dans <a href="https://interop.esante.gouv.fr/terminologies/1.4.0/ValueSet-jdv-allergie-vaccin-cisis.html">JDV Allergie Vaccin CISIS</a></li></ul></div></text><url value="https://interop.esante.gouv.fr/ig/document/core/ValueSet/fr-vs-allergy-substance"/><version value="0.1.0"/><name value="FRValueSetAllergySubstanceDocument"/><title value="ValueSet – FR ValueSet Allergy Substance Document"/><status value="draft"/><date value="2025-12-03T16:46:30+00:00"/><publisher value="Agence du Numérique en Santé (ANS) - 2-10 Rue d'Oradour-sur-Glane, 75015 Paris"/><contact><name value="Agence du Numérique en Santé (ANS) - 2-10 Rue d'Oradour-sur-Glane, 75015 Paris"/><telecom><system value="url"/><value value="https://esante.gouv.fr"/></telecom></contact><description value="Jeu de valeurs permettant de coder l’agent responsable d’une allergie :&#xA;- Médicaments : CIP ou UCD&#xA;- Substances : SMS&#xA;- Aliments : CIM-11 Chapitre X Extensions – Allergènes ou substances non médicinales&#xA;- Agents environnementaux ou physiques : idem CIM-11 Chapitre X Extensions&#xA;- Allergènes pouvant induire une contre-indication vaccinale : jdv-allergie-vaccin-cisis"/><jurisdiction><coding><system value="urn:iso:std:iso:3166"/><code value="FR"/><display value="FRANCE"/></coding></jurisdiction><compose><include><system value="https://smt.esante.gouv.fr/terminologie-bdpm"/></include><include><system value="https://smt.esante.gouv.fr/terminologie-cip_ucd"/></include><include><system value="http://id.who.int/icd/release/11/mms"/></include><include><valueSet value="https://smt.esante.gouv.fr/fhir/ValueSet/jdv-allergie-vaccin-cisis"/></include></compose></ValueSet>