{"resourceType":"ConceptMap","id":"mappingPatientCDAFHIR","text":{"status":"generated","div":"<div xmlns=\"http://www.w3.org/1999/xhtml\"><p class=\"res-header-id\"><b>Narratif généré : CarteDeConcepts mappingPatientCDAFHIR</b></p><a name=\"mappingPatientCDAFHIR\"> </a><a name=\"hcmappingPatientCDAFHIR\"> </a><p>Mapping de (non spécifié) vers (non spécifié)</p><br/><p><b>Groupe 1 </b>Mapping de <code>https://interop.esante.gouv.fr/ig/document/core/StructureDefinition/fr-lm-patient</code> to <a href=\"StructureDefinition-fr-cda-record-target.html\">CDA - recordTarget</a></p><table class=\"grid\"><tr><td><b>Code source</b></td><td><b>relation</b></td><td><b>Code cible</b></td></tr><tr><td>FRLMPatientUsager</td><td><a href=\"http://hl7.org/fhir/R5/codesystem-concept-map-relationship.html#equivalent\" title=\"equivalent\">is equivalent to</a></td><td>recordTarget</td></tr><tr><td>FRLMPatientUsager.identifiantPatient</td><td><a href=\"http://hl7.org/fhir/R5/codesystem-concept-map-relationship.html#equivalent\" title=\"equivalent\">is equivalent to</a></td><td>recordTarget.patientRole.id</td></tr><tr><td>FRLMPatientUsager.adresse</td><td><a href=\"http://hl7.org/fhir/R5/codesystem-concept-map-relationship.html#equivalent\" title=\"equivalent\">is equivalent to</a></td><td>recordTarget.patientRole.addr</td></tr><tr><td>FRLMPatientUsager.coordonneesTelecom</td><td><a href=\"http://hl7.org/fhir/R5/codesystem-concept-map-relationship.html#equivalent\" title=\"equivalent\">is equivalent to</a></td><td>recordTarget.patientRole.telecom</td></tr><tr><td>FRLMPatientUsager.personnePhysique.nomsPrenomsPatient</td><td><a href=\"http://hl7.org/fhir/R5/codesystem-concept-map-relationship.html#equivalent\" title=\"equivalent\">is equivalent to</a></td><td>recordTarget.patientRole.patient.name</td></tr><tr><td>FRLMPatientUsager.personnePhysique.nomsPrenomsPatient.nom</td><td><a href=\"http://hl7.org/fhir/R5/codesystem-concept-map-relationship.html#equivalent\" title=\"equivalent\">is equivalent to</a></td><td>recordTarget.patientRole.patient.name.family</td></tr><tr><td>FRLMPatientUsager.personnePhysique.nomsPrenomsPatient.nom.nomNaissance</td><td><a href=\"http://hl7.org/fhir/R5/codesystem-concept-map-relationship.html#equivalent\" title=\"equivalent\">is equivalent to</a></td><td>recordTarget.patientRole.patient.name.family@qualifier='BR'</td></tr><tr><td>FRLMPatientUsager.personnePhysique.nomsPrenomsPatient.nom.nomUtilise</td><td><a href=\"http://hl7.org/fhir/R5/codesystem-concept-map-relationship.html#equivalent\" title=\"equivalent\">is equivalent to</a></td><td>recordTarget.patientRole.patient.name.family@qualifier='CL'</td></tr><tr><td>FRLMPatientUsager.personnePhysique.nomsPrenomsPatient.prenom</td><td><a href=\"http://hl7.org/fhir/R5/codesystem-concept-map-relationship.html#equivalent\" title=\"equivalent\">is equivalent to</a></td><td>recordTarget.patientRole.patient.name.given</td></tr><tr><td>FRLMPatientUsager.personnePhysique.nomsPrenomsPatient.prenom.listePrenoms</td><td><a href=\"http://hl7.org/fhir/R5/codesystem-concept-map-relationship.html#equivalent\" title=\"equivalent\">is equivalent to</a></td><td>recordTarget.patientRole.patient.name.given</td></tr><tr><td>FRLMPatientUsager.personnePhysique.nomsPrenomsPatient.prenom.premierPrenom</td><td><a href=\"http://hl7.org/fhir/R5/codesystem-concept-map-relationship.html#equivalent\" title=\"equivalent\">is equivalent to</a></td><td>recordTarget.patientRole.patient.name.given@qualifier='BR'</td></tr><tr><td>FRLMPatientUsager.personnePhysique.nomsPrenomsPatient.prenom.prenomUtilise</td><td><a href=\"http://hl7.org/fhir/R5/codesystem-concept-map-relationship.html#equivalent\" title=\"equivalent\">is equivalent to</a></td><td>recordTarget.patientRole.patient.name.given@qualifier='CL'</td></tr><tr><td>FRLMPatientUsager.personnePhysique.sexe</td><td><a href=\"http://hl7.org/fhir/R5/codesystem-concept-map-relationship.html#equivalent\" title=\"equivalent\">is equivalent to</a></td><td>recordTarget.patientRole.patient.administrativeGenderCode</td></tr><tr><td>FRLMPatientUsager.personnePhysique.dateNaissance</td><td><a href=\"http://hl7.org/fhir/R5/codesystem-concept-map-relationship.html#equivalent\" title=\"equivalent\">is equivalent to</a></td><td>recordTarget.patientRole.patient.birthTime</td></tr><tr><td>FRLMPatientUsager.personnePhysique.indicateurDeces</td><td><a href=\"http://hl7.org/fhir/R5/codesystem-concept-map-relationship.html#equivalent\" title=\"equivalent\">is equivalent to</a></td><td>recordTarget.patientRole.patient.sdtc:deceasedInd</td></tr><tr><td>FRLMPatientUsager.personnePhysique.dateDeces</td><td><a href=\"http://hl7.org/fhir/R5/codesystem-concept-map-relationship.html#equivalent\" title=\"equivalent\">is equivalent to</a></td><td>recordTarget.patientRole.patient.sdtc:deceasedTime</td></tr><tr><td>FRLMPatientUsager.personnePhysique.grossesseMultiple</td><td><a href=\"http://hl7.org/fhir/R5/codesystem-concept-map-relationship.html#equivalent\" title=\"equivalent\">is equivalent to</a></td><td>recordTarget.patientRole.patient.sdtc:multipleBirthInd</td></tr><tr><td>FRLMPatientUsager.personnePhysique.numeroOrdreNaissance</td><td><a href=\"http://hl7.org/fhir/R5/codesystem-concept-map-relationship.html#equivalent\" title=\"equivalent\">is equivalent to</a></td><td>recordTarget.patientRole.patient.sdtc:multipleBirthOrderNumber</td></tr><tr><td>FRLMPatientUsager.personnePhysique.representantPatient</td><td><a href=\"http://hl7.org/fhir/R5/codesystem-concept-map-relationship.html#equivalent\" title=\"equivalent\">is equivalent to</a></td><td>recordTarget.patientRole.patient.guardian</td></tr><tr><td>FRLMPatientUsager.personnePhysique.representantPatient.adresse</td><td><a href=\"http://hl7.org/fhir/R5/codesystem-concept-map-relationship.html#equivalent\" title=\"equivalent\">is equivalent to</a></td><td>recordTarget.patientRole.patient.guardian.addr</td></tr><tr><td>FRLMPatientUsager.personnePhysique.representantPatient.coordonneesTelecom</td><td><a href=\"http://hl7.org/fhir/R5/codesystem-concept-map-relationship.html#equivalent\" title=\"equivalent\">is equivalent to</a></td><td>recordTarget.patientRole.patient.guardian.telecom</td></tr><tr><td>FRLMPatientUsager.personnePhysique.representantPatient.personneRepresentantPatient.nomsPrenomsRepresentantPatient</td><td><a href=\"http://hl7.org/fhir/R5/codesystem-concept-map-relationship.html#equivalent\" title=\"equivalent\">is equivalent to</a></td><td>recordTarget.patientRole.patient.guardian.guardianPerson.name</td></tr><tr><td>FRLMPatientUsager.personnePhysique.representantPatient.personneRepresentantPatient.nomsPrenomsRepresentantPatient.nom</td><td><a href=\"http://hl7.org/fhir/R5/codesystem-concept-map-relationship.html#equivalent\" title=\"equivalent\">is equivalent to</a></td><td>recordTarget.patientRole.patient.guardian.guardianPerson.family</td></tr><tr><td>FRLMPatientUsager.personnePhysique.representantPatient.personneRepresentantPatient.nomsPrenomsRepresentantPatient.prenom</td><td><a href=\"http://hl7.org/fhir/R5/codesystem-concept-map-relationship.html#equivalent\" title=\"equivalent\">is equivalent to</a></td><td>recordTarget.patientRole.patient.guardian.guardianPerson.given</td></tr><tr><td>FRLMPatientUsager.personnePhysique.representantPatient.structureRepresentantPatient</td><td><a href=\"http://hl7.org/fhir/R5/codesystem-concept-map-relationship.html#equivalent\" title=\"equivalent\">is equivalent to</a></td><td>recordTarget.patientRole.patient.guardian.guardianOrganization</td></tr><tr><td>FRLMPatientUsager.personnePhysique.representantPatient.structureRepresentantPatient.identifiant</td><td><a href=\"http://hl7.org/fhir/R5/codesystem-concept-map-relationship.html#equivalent\" title=\"equivalent\">is equivalent to</a></td><td>recordTarget.patientRole.patient.guardian.guardianOrganization.id</td></tr><tr><td>FRLMPatientUsager.personnePhysique.representantPatient.structureRepresentantPatient.nom</td><td><a href=\"http://hl7.org/fhir/R5/codesystem-concept-map-relationship.html#equivalent\" title=\"equivalent\">is equivalent to</a></td><td>recordTarget.patientRole.patient.guardian.guardianOrganization.name</td></tr><tr><td>FRLMPatientUsager.personnePhysique.lieuNaissance</td><td><a href=\"http://hl7.org/fhir/R5/codesystem-concept-map-relationship.html#equivalent\" title=\"equivalent\">is equivalent to</a></td><td>recordTarget.patientRole.patient.birthPlace</td></tr><tr><td>FRLMPatientUsager.personnePhysique.lieuNaissance.nomLieuNaissance</td><td><a href=\"http://hl7.org/fhir/R5/codesystem-concept-map-relationship.html#equivalent\" title=\"equivalent\">is equivalent to</a></td><td>recordTarget.patientRole.patient.birthPlace.place.name</td></tr><tr><td>FRLMPatientUsager.personnePhysique.lieuNaissance.adresseLieuNaissance</td><td><a href=\"http://hl7.org/fhir/R5/codesystem-concept-map-relationship.html#equivalent\" title=\"equivalent\">is equivalent to</a></td><td>recordTarget.patientRole.patient.birthPlace.place.addr</td></tr><tr><td>FRLMPatientUsager.personnePhysique.lieuNaissance.adresseLieuNaissance.codeOfficielGeographiqueLieuNaissance</td><td><a href=\"http://hl7.org/fhir/R5/codesystem-concept-map-relationship.html#equivalent\" title=\"equivalent\">is equivalent to</a></td><td>recordTarget.patientRole.patient.birthPlace.place.addr.county</td></tr></table><hr/><p><b>Groupe 2 </b>Mapping de <a href=\"StructureDefinition-fr-cda-record-target.html\">CDA - recordTarget</a> to <code>https://interop.esante.gouv.fr/ig/document/core/StructureDefinition/fr-patient-fhir-document</code></p><table class=\"grid\"><tr><td><b>Code source</b></td><td><b>relation</b></td><td><b>Code cible</b></td></tr><tr><td>recordTarget.patientRole</td><td><a href=\"http://hl7.org/fhir/R5/codesystem-concept-map-relationship.html#equivalent\" title=\"equivalent\">is equivalent to</a></td><td>Patient</td></tr><tr><td>recordTarget.patientRole.id</td><td><a href=\"http://hl7.org/fhir/R5/codesystem-concept-map-relationship.html#equivalent\" title=\"equivalent\">is equivalent to</a></td><td>Patient.identifier</td></tr><tr><td>recordTarget.patientRole.addr</td><td><a href=\"http://hl7.org/fhir/R5/codesystem-concept-map-relationship.html#equivalent\" title=\"equivalent\">is equivalent to</a></td><td>Patient.address</td></tr><tr><td>recordTarget.patientRole.telecom</td><td><a href=\"http://hl7.org/fhir/R5/codesystem-concept-map-relationship.html#equivalent\" title=\"equivalent\">is equivalent to</a></td><td>Patient.telecom</td></tr><tr><td>recordTarget.patientRole.patient.name</td><td><a href=\"http://hl7.org/fhir/R5/codesystem-concept-map-relationship.html#equivalent\" title=\"equivalent\">is equivalent to</a></td><td>Patient.name</td></tr><tr><td>recordTarget.patientRole.patient.name.family</td><td><a href=\"http://hl7.org/fhir/R5/codesystem-concept-map-relationship.html#equivalent\" title=\"equivalent\">is equivalent to</a></td><td>Patient.name.family</td></tr><tr><td>recordTarget.patientRole.patient.name.family@qualifier='BR'</td><td><a href=\"http://hl7.org/fhir/R5/codesystem-concept-map-relationship.html#equivalent\" title=\"equivalent\">is equivalent to</a></td><td>Patient.name:officialname.family</td></tr><tr><td>recordTarget.patientRole.patient.name.family@qualifier='CL'</td><td><a href=\"http://hl7.org/fhir/R5/codesystem-concept-map-relationship.html#equivalent\" title=\"equivalent\">is equivalent to</a></td><td>Patient.name:usualname.family</td></tr><tr><td>recordTarget.patientRole.patient.name.given</td><td><a href=\"http://hl7.org/fhir/R5/codesystem-concept-map-relationship.html#equivalent\" title=\"equivalent\">is equivalent to</a></td><td>Patient.name.given</td></tr><tr><td>recordTarget.patientRole.patient.name.given</td><td><a href=\"http://hl7.org/fhir/R5/codesystem-concept-map-relationship.html#equivalent\" title=\"equivalent\">is equivalent to</a></td><td>Patient.name:officialname.birth-list-given-name</td></tr><tr><td>recordTarget.patientRole.patient.name.given@qualifier='BR'</td><td><a href=\"http://hl7.org/fhir/R5/codesystem-concept-map-relationship.html#equivalent\" title=\"equivalent\">is equivalent to</a></td><td>Patient.name:officialname.given</td></tr><tr><td>recordTarget.patientRole.patient.name.given@qualifier='CL'</td><td><a href=\"http://hl7.org/fhir/R5/codesystem-concept-map-relationship.html#equivalent\" title=\"equivalent\">is equivalent to</a></td><td>Patient.name:usualname.given</td></tr><tr><td>recordTarget.patientRole.patient.administrativeGenderCode</td><td><a href=\"http://hl7.org/fhir/R5/codesystem-concept-map-relationship.html#equivalent\" title=\"equivalent\">is equivalent to</a></td><td>Patient.gender</td></tr><tr><td>recordTarget.patientRole.patient.birthTime</td><td><a href=\"http://hl7.org/fhir/R5/codesystem-concept-map-relationship.html#equivalent\" title=\"equivalent\">is equivalent to</a></td><td>Patient.birthDate</td></tr><tr><td>recordTarget.patientRole.patient.sdtc:deceasedInd</td><td><a href=\"http://hl7.org/fhir/R5/codesystem-concept-map-relationship.html#equivalent\" title=\"equivalent\">is equivalent to</a></td><td>Patient.deceasedBoolean</td></tr><tr><td>recordTarget.patientRole.patient.sdtc:deceasedTime</td><td><a href=\"http://hl7.org/fhir/R5/codesystem-concept-map-relationship.html#equivalent\" title=\"equivalent\">is equivalent to</a></td><td>Patient.deceasedDateTime</td></tr><tr><td>recordTarget.patientRole.patient.sdtc:multipleBirthInd</td><td><a href=\"http://hl7.org/fhir/R5/codesystem-concept-map-relationship.html#equivalent\" title=\"equivalent\">is equivalent to</a></td><td>Patient.multipleBirthBoolean</td></tr><tr><td>recordTarget.patientRole.patient.sdtc:multipleBirthOrderNumber</td><td><a href=\"http://hl7.org/fhir/R5/codesystem-concept-map-relationship.html#equivalent\" title=\"equivalent\">is equivalent to</a></td><td>Patient.multipleBirthInteger</td></tr><tr><td>recordTarget.patientRole.patient.guardian</td><td><a href=\"http://hl7.org/fhir/R5/codesystem-concept-map-relationship.html#equivalent\" title=\"equivalent\">is equivalent to</a></td><td>Patient.contact.relationship:Role='GUARD'</td></tr><tr><td>recordTarget.patientRole.patient.guardian.addr</td><td><a href=\"http://hl7.org/fhir/R5/codesystem-concept-map-relationship.html#equivalent\" title=\"equivalent\">is equivalent to</a></td><td>Patient.contact.address</td></tr><tr><td>recordTarget.patientRole.patient.guardian.telecom</td><td><a href=\"http://hl7.org/fhir/R5/codesystem-concept-map-relationship.html#equivalent\" title=\"equivalent\">is equivalent to</a></td><td>Patient.contact.telecom</td></tr><tr><td>recordTarget.patientRole.patient.guardian.guardianPerson.name</td><td><a href=\"http://hl7.org/fhir/R5/codesystem-concept-map-relationship.html#equivalent\" title=\"equivalent\">is equivalent to</a></td><td>Patient.contact.name</td></tr><tr><td>recordTarget.patientRole.patient.guardian.guardianPerson.family</td><td><a href=\"http://hl7.org/fhir/R5/codesystem-concept-map-relationship.html#equivalent\" title=\"equivalent\">is equivalent to</a></td><td>Patient.contact.name.family</td></tr><tr><td>recordTarget.patientRole.patient.guardian.guardianPerson.given</td><td><a href=\"http://hl7.org/fhir/R5/codesystem-concept-map-relationship.html#equivalent\" title=\"equivalent\">is equivalent to</a></td><td>Patient.contact.name.given</td></tr><tr><td>recordTarget.patientRole.patient.guardian.guardianOrganization</td><td><a href=\"http://hl7.org/fhir/R5/codesystem-concept-map-relationship.html#equivalent\" title=\"equivalent\">is equivalent to</a></td><td>Patient.contact.organization</td></tr><tr><td>recordTarget.patientRole.patient.guardian.guardianOrganization.id</td><td><a href=\"http://hl7.org/fhir/R5/codesystem-concept-map-relationship.html#equivalent\" title=\"equivalent\">is equivalent to</a></td><td>Patient.contact.organization.identifier</td></tr><tr><td>recordTarget.patientRole.patient.guardian.guardianOrganization.name</td><td><a href=\"http://hl7.org/fhir/R5/codesystem-concept-map-relationship.html#equivalent\" title=\"equivalent\">is equivalent to</a></td><td>Patient.contact.organization.name</td></tr><tr><td>recordTarget.patientRole.patient.birthPlace</td><td><a href=\"http://hl7.org/fhir/R5/codesystem-concept-map-relationship.html#equivalent\" title=\"equivalent\">is equivalent to</a></td><td>Patient.extension:birthPlace</td></tr><tr><td>recordTarget.patientRole.patient.birthPlace.place</td><td><a href=\"http://hl7.org/fhir/R5/codesystem-concept-map-relationship.html#equivalent\" title=\"equivalent\">is equivalent to</a></td><td>Patient.extension:birthPlace.value[FRCoreAddressProfile]</td></tr><tr><td>recordTarget.patientRole.patient.birthPlace.place.name</td><td><a href=\"http://hl7.org/fhir/R5/codesystem-concept-map-relationship.html#equivalent\" title=\"equivalent\">is equivalent to</a></td><td>Patient.extension:birthPlace.value[FRCoreAddressProfile].text</td></tr><tr><td>recordTarget.patientRole.patient.birthPlace.place.country</td><td><a href=\"http://hl7.org/fhir/R5/codesystem-concept-map-relationship.html#equivalent\" title=\"equivalent\">is equivalent to</a></td><td>Patient.extension:birthPlace.value[FRCoreAddressProfile].extension:inseeCode</td></tr></table></div>"},"url":"https://interop.esante.gouv.fr/ig/document/core/ConceptMap/mappingPatientCDAFHIR","version":"0.1.0","name":"Mapping Métier/CDA/FHIR : \"Patient/Usager\"","title":"Mapping Métier/CDA/FHIR : \"Patient/Usager\"","status":"draft","experimental":false,"date":"2025-12-15T10:54:30+00:00","publisher":"Agence du Numérique en Santé (ANS) - 2-10 Rue d'Oradour-sur-Glane, 75015 Paris","contact":[{"name":"Agence du Numérique en Santé (ANS) - 2-10 Rue d'Oradour-sur-Glane, 75015 Paris","telecom":[{"system":"url","value":"https://esante.gouv.fr"}]}],"description":"Ce ConceptMap présente deux groupes de mapping : \n - Mapping 1 : entre le modèle métier \\\"patient\\\" et l'élément CDA \\\"recordTarget\\\"\n - Mapping 2 : entre l'élément CDA \\\"recordTarget\\\" et le profil FHIR \\\"FrPatientDocument\\\" ","jurisdiction":[{"coding":[{"system":"urn:iso:std:iso:3166","code":"FR","display":"FRANCE"}]}],"group":[{"source":"https://interop.esante.gouv.fr/ig/document/core/StructureDefinition/fr-lm-patient","target":"https://interop.esante.gouv.fr/ig/document/core/StructureDefinition/fr-cda-record-target","element":[{"code":"FRLMPatientUsager","target":[{"code":"recordTarget","equivalence":"equivalent"}]},{"code":"FRLMPatientUsager.identifiantPatient","target":[{"code":"recordTarget.patientRole.id","equivalence":"equivalent"}]},{"code":"FRLMPatientUsager.adresse","target":[{"code":"recordTarget.patientRole.addr","equivalence":"equivalent"}]},{"code":"FRLMPatientUsager.coordonneesTelecom","target":[{"code":"recordTarget.patientRole.telecom","equivalence":"equivalent"}]},{"code":"FRLMPatientUsager.personnePhysique.nomsPrenomsPatient","target":[{"code":"recordTarget.patientRole.patient.name","equivalence":"equivalent"}]},{"code":"FRLMPatientUsager.personnePhysique.nomsPrenomsPatient.nom","target":[{"code":"recordTarget.patientRole.patient.name.family","equivalence":"equivalent"}]},{"code":"FRLMPatientUsager.personnePhysique.nomsPrenomsPatient.nom.nomNaissance","target":[{"code":"recordTarget.patientRole.patient.name.family@qualifier='BR'","equivalence":"equivalent"}]},{"code":"FRLMPatientUsager.personnePhysique.nomsPrenomsPatient.nom.nomUtilise","target":[{"code":"recordTarget.patientRole.patient.name.family@qualifier='CL'","equivalence":"equivalent"}]},{"code":"FRLMPatientUsager.personnePhysique.nomsPrenomsPatient.prenom","target":[{"code":"recordTarget.patientRole.patient.name.given","equivalence":"equivalent"}]},{"code":"FRLMPatientUsager.personnePhysique.nomsPrenomsPatient.prenom.listePrenoms","target":[{"code":"recordTarget.patientRole.patient.name.given","equivalence":"equivalent"}]},{"code":"FRLMPatientUsager.personnePhysique.nomsPrenomsPatient.prenom.premierPrenom","target":[{"code":"recordTarget.patientRole.patient.name.given@qualifier='BR'","equivalence":"equivalent"}]},{"code":"FRLMPatientUsager.personnePhysique.nomsPrenomsPatient.prenom.prenomUtilise","target":[{"code":"recordTarget.patientRole.patient.name.given@qualifier='CL'","equivalence":"equivalent"}]},{"code":"FRLMPatientUsager.personnePhysique.sexe","target":[{"code":"recordTarget.patientRole.patient.administrativeGenderCode","equivalence":"equivalent"}]},{"code":"FRLMPatientUsager.personnePhysique.dateNaissance","target":[{"code":"recordTarget.patientRole.patient.birthTime","equivalence":"equivalent"}]},{"code":"FRLMPatientUsager.personnePhysique.indicateurDeces","target":[{"code":"recordTarget.patientRole.patient.sdtc:deceasedInd","equivalence":"equivalent"}]},{"code":"FRLMPatientUsager.personnePhysique.dateDeces","target":[{"code":"recordTarget.patientRole.patient.sdtc:deceasedTime","equivalence":"equivalent"}]},{"code":"FRLMPatientUsager.personnePhysique.grossesseMultiple","target":[{"code":"recordTarget.patientRole.patient.sdtc:multipleBirthInd","equivalence":"equivalent"}]},{"code":"FRLMPatientUsager.personnePhysique.numeroOrdreNaissance","target":[{"code":"recordTarget.patientRole.patient.sdtc:multipleBirthOrderNumber","equivalence":"equivalent"}]},{"code":"FRLMPatientUsager.personnePhysique.representantPatient","target":[{"code":"recordTarget.patientRole.patient.guardian","equivalence":"equivalent"}]},{"code":"FRLMPatientUsager.personnePhysique.representantPatient.adresse","target":[{"code":"recordTarget.patientRole.patient.guardian.addr","equivalence":"equivalent"}]},{"code":"FRLMPatientUsager.personnePhysique.representantPatient.coordonneesTelecom","target":[{"code":"recordTarget.patientRole.patient.guardian.telecom","equivalence":"equivalent"}]},{"code":"FRLMPatientUsager.personnePhysique.representantPatient.personneRepresentantPatient.nomsPrenomsRepresentantPatient","target":[{"code":"recordTarget.patientRole.patient.guardian.guardianPerson.name","equivalence":"equivalent"}]},{"code":"FRLMPatientUsager.personnePhysique.representantPatient.personneRepresentantPatient.nomsPrenomsRepresentantPatient.nom","target":[{"code":"recordTarget.patientRole.patient.guardian.guardianPerson.family","equivalence":"equivalent"}]},{"code":"FRLMPatientUsager.personnePhysique.representantPatient.personneRepresentantPatient.nomsPrenomsRepresentantPatient.prenom","target":[{"code":"recordTarget.patientRole.patient.guardian.guardianPerson.given","equivalence":"equivalent"}]},{"code":"FRLMPatientUsager.personnePhysique.representantPatient.structureRepresentantPatient","target":[{"code":"recordTarget.patientRole.patient.guardian.guardianOrganization","equivalence":"equivalent"}]},{"code":"FRLMPatientUsager.personnePhysique.representantPatient.structureRepresentantPatient.identifiant","target":[{"code":"recordTarget.patientRole.patient.guardian.guardianOrganization.id","equivalence":"equivalent"}]},{"code":"FRLMPatientUsager.personnePhysique.representantPatient.structureRepresentantPatient.nom","target":[{"code":"recordTarget.patientRole.patient.guardian.guardianOrganization.name","equivalence":"equivalent"}]},{"code":"FRLMPatientUsager.personnePhysique.lieuNaissance","target":[{"code":"recordTarget.patientRole.patient.birthPlace","equivalence":"equivalent"}]},{"code":"FRLMPatientUsager.personnePhysique.lieuNaissance.nomLieuNaissance","target":[{"code":"recordTarget.patientRole.patient.birthPlace.place.name","equivalence":"equivalent"}]},{"code":"FRLMPatientUsager.personnePhysique.lieuNaissance.adresseLieuNaissance","target":[{"code":"recordTarget.patientRole.patient.birthPlace.place.addr","equivalence":"equivalent"}]},{"code":"FRLMPatientUsager.personnePhysique.lieuNaissance.adresseLieuNaissance.codeOfficielGeographiqueLieuNaissance","target":[{"code":"recordTarget.patientRole.patient.birthPlace.place.addr.county","equivalence":"equivalent"}]}]},{"source":"https://interop.esante.gouv.fr/ig/document/core/StructureDefinition/fr-cda-record-target","target":"https://interop.esante.gouv.fr/ig/document/core/StructureDefinition/fr-patient-fhir-document","element":[{"code":"recordTarget.patientRole","target":[{"code":"Patient","equivalence":"equivalent"}]},{"code":"recordTarget.patientRole.id","target":[{"code":"Patient.identifier","equivalence":"equivalent"}]},{"code":"recordTarget.patientRole.addr","target":[{"code":"Patient.address","equivalence":"equivalent"}]},{"code":"recordTarget.patientRole.telecom","target":[{"code":"Patient.telecom","equivalence":"equivalent"}]},{"code":"recordTarget.patientRole.patient.name","target":[{"code":"Patient.name","equivalence":"equivalent"}]},{"code":"recordTarget.patientRole.patient.name.family","target":[{"code":"Patient.name.family","equivalence":"equivalent"}]},{"code":"recordTarget.patientRole.patient.name.family@qualifier='BR'","target":[{"code":"Patient.name:officialname.family","equivalence":"equivalent"}]},{"code":"recordTarget.patientRole.patient.name.family@qualifier='CL'","target":[{"code":"Patient.name:usualname.family","equivalence":"equivalent"}]},{"code":"recordTarget.patientRole.patient.name.given","target":[{"code":"Patient.name.given","equivalence":"equivalent"}]},{"code":"recordTarget.patientRole.patient.name.given","target":[{"code":"Patient.name:officialname.birth-list-given-name","equivalence":"equivalent"}]},{"code":"recordTarget.patientRole.patient.name.given@qualifier='BR'","target":[{"code":"Patient.name:officialname.given","equivalence":"equivalent"}]},{"code":"recordTarget.patientRole.patient.name.given@qualifier='CL'","target":[{"code":"Patient.name:usualname.given","equivalence":"equivalent"}]},{"code":"recordTarget.patientRole.patient.administrativeGenderCode","target":[{"code":"Patient.gender","equivalence":"equivalent"}]},{"code":"recordTarget.patientRole.patient.birthTime","target":[{"code":"Patient.birthDate","equivalence":"equivalent"}]},{"code":"recordTarget.patientRole.patient.sdtc:deceasedInd","target":[{"code":"Patient.deceasedBoolean","equivalence":"equivalent"}]},{"code":"recordTarget.patientRole.patient.sdtc:deceasedTime","target":[{"code":"Patient.deceasedDateTime","equivalence":"equivalent"}]},{"code":"recordTarget.patientRole.patient.sdtc:multipleBirthInd","target":[{"code":"Patient.multipleBirthBoolean","equivalence":"equivalent"}]},{"code":"recordTarget.patientRole.patient.sdtc:multipleBirthOrderNumber","target":[{"code":"Patient.multipleBirthInteger","equivalence":"equivalent"}]},{"code":"recordTarget.patientRole.patient.guardian","target":[{"code":"Patient.contact.relationship:Role='GUARD'","equivalence":"equivalent"}]},{"code":"recordTarget.patientRole.patient.guardian.addr","target":[{"code":"Patient.contact.address","equivalence":"equivalent"}]},{"code":"recordTarget.patientRole.patient.guardian.telecom","target":[{"code":"Patient.contact.telecom","equivalence":"equivalent"}]},{"code":"recordTarget.patientRole.patient.guardian.guardianPerson.name","target":[{"code":"Patient.contact.name","equivalence":"equivalent"}]},{"code":"recordTarget.patientRole.patient.guardian.guardianPerson.family","target":[{"code":"Patient.contact.name.family","equivalence":"equivalent"}]},{"code":"recordTarget.patientRole.patient.guardian.guardianPerson.given","target":[{"code":"Patient.contact.name.given","equivalence":"equivalent"}]},{"code":"recordTarget.patientRole.patient.guardian.guardianOrganization","target":[{"code":"Patient.contact.organization","equivalence":"equivalent"}]},{"code":"recordTarget.patientRole.patient.guardian.guardianOrganization.id","target":[{"code":"Patient.contact.organization.identifier","equivalence":"equivalent"}]},{"code":"recordTarget.patientRole.patient.guardian.guardianOrganization.name","target":[{"code":"Patient.contact.organization.name","equivalence":"equivalent"}]},{"code":"recordTarget.patientRole.patient.birthPlace","target":[{"code":"Patient.extension:birthPlace","equivalence":"equivalent"}]},{"code":"recordTarget.patientRole.patient.birthPlace.place","target":[{"code":"Patient.extension:birthPlace.value[FRCoreAddressProfile]","equivalence":"equivalent"}]},{"code":"recordTarget.patientRole.patient.birthPlace.place.name","target":[{"code":"Patient.extension:birthPlace.value[FRCoreAddressProfile].text","equivalence":"equivalent"}]},{"code":"recordTarget.patientRole.patient.birthPlace.place.country","target":[{"code":"Patient.extension:birthPlace.value[FRCoreAddressProfile].extension:inseeCode","equivalence":"equivalent"}]}]}]}