"Id","Path","Slice Name","Alias(s)","Label","Min","Max","Must Support?","Is Modifier?","Is Summary?","Type(s)","Short","Definition","Comments","Requirements","Default Value","Meaning When Missing","Fixed Value","Pattern","Example","Minimum Value","Maximum Value","Maximum Length","Binding Strength","Binding Description","Binding Value Set","Code","Slicing Discriminator","Slicing Description","Slicing Ordered","Slicing Rules","Base Path","Base Min","Base Max","Condition(s)","Constraint(s)"
"fr-lm-resultats-evenements","fr-lm-resultats-evenements","","","",0,*,"","","","null {[]} {[]}
","Modèle logique métier - FR LM Résultats d'événements","Section Résultats d'événements","","","","","","","","","",,,,,"",,,,"Base",0,*,"",""
"fr-lm-resultats-evenements.codeSection","fr-lm-resultats-evenements.codeSection","","","",1,1,"","","","CodeableConcept {[]} {[]}
","Code de la section","Code de la section","","","","","","","","","",,,,,"",,,,"fr-lm-section.codeSection",1,1,"",""
"fr-lm-resultats-evenements.titreSection","fr-lm-resultats-evenements.titreSection","","","",0,1,"","","","string {[]} {[]}
","Titre de la section","Titre de la section","","","","","","","","","",,,,,"",,,,"fr-lm-section.titreSection",0,1,"",""
"fr-lm-resultats-evenements.blocNarratif","fr-lm-resultats-evenements.blocNarratif","","","",1,1,"","","","Narrative {[]} {[]}
","Bloc narratif","Bloc narratif","","","","","","","","","",,,,,"",,,,"fr-lm-section.blocNarratif",1,1,"",""
"fr-lm-resultats-evenements.sousSection","fr-lm-resultats-evenements.sousSection","","","",0,0,"","","","Base {[]} {[]}
","Sous-sections","Sous-sections","","","","","","","","","",,,,,"",,,,"fr-lm-section.sousSection",0,*,"",""
"fr-lm-resultats-evenements.entree","fr-lm-resultats-evenements.entree","","","",0,*,"","","","Base {[]} {[]}
","Entrées","Entrées","","","","","","","","","",,,,,"",,,,"fr-lm-section.entree",0,*,"",""
"fr-lm-resultats-evenements.entree.observation","fr-lm-resultats-evenements.entree.observation","","","",1,*,"","","","https://interop.esante.gouv.fr/ig/document/core/StructureDefinition/fr-lm-observation {[]} {[]}
","Entrée Simple observation","Entrée Simple observation","","","","","","","","","",,,,,"",,,,"fr-lm-resultats-evenements.entree.observation",1,*,"",""
"fr-lm-resultats-evenements.entree.transfertPatient","fr-lm-resultats-evenements.entree.transfertPatient","","","",0,*,"","","","https://interop.esante.gouv.fr/ig/document/core/StructureDefinition/fr-lm-transfert-du-patient {[]} {[]}
","Entrée Transfert du patient","Entrée Transfert du patient","","","","","","","","","",,,,,"",,,,"fr-lm-resultats-evenements.entree.transfertPatient",0,*,"",""
"fr-lm-resultats-evenements.entree.probleme","fr-lm-resultats-evenements.entree.probleme","","","",0,*,"","","","https://interop.esante.gouv.fr/ig/document/core/StructureDefinition/fr-lm-probleme {[]} {[]}
","Entrée Problème","Entrée Problème","","","","","","","","","",,,,,"",,,,"fr-lm-resultats-evenements.entree.probleme",0,*,"",""
