"Id","Path","Slice Name","Alias(s)","Label","Min","Max","Must Support?","Is Modifier?","Is Summary?","Type(s)","Short","Definition","Comments","Requirements","Default Value","Meaning When Missing","Fixed Value","Pattern","Example","Minimum Value","Maximum Value","Maximum Length","Binding Strength","Binding Description","Binding Value Set","Code","Slicing Discriminator","Slicing Description","Slicing Ordered","Slicing Rules","Base Path","Base Min","Base Max","Condition(s)","Constraint(s)"
"fr-lm-transfusion-de-produits-sanguins","fr-lm-transfusion-de-produits-sanguins","","","",0,*,"","","","null {[]} {[]}
","Modèle logique métier - FR LM Transfusion de produits sanguins","Transfusion de produits sanguins","","","","","","","","","",,,,,"",,,,"Base",0,*,"",""
"fr-lm-transfusion-de-produits-sanguins.identifiant","fr-lm-transfusion-de-produits-sanguins.identifiant","","","",1,1,"","","","Identifier {[]} {[]}
","Identifiant de l'entrée","Identifiant de l'entrée","","","","","","","","","",,,,,"",,,,"fr-lm-transfusion-de-produits-sanguins.identifiant",1,1,"",""
"fr-lm-transfusion-de-produits-sanguins.code","fr-lm-transfusion-de-produits-sanguins.code","","","",1,1,"","","","CodeableConcept {[]} {[]}
","Code de l'entrée","Code de l'entrée","","","","","","","","","",,,,,"",,,,"fr-lm-transfusion-de-produits-sanguins.code",1,1,"",""
"fr-lm-transfusion-de-produits-sanguins.description","fr-lm-transfusion-de-produits-sanguins.description","","","",1,1,"","","","Narrative {[]} {[]}
","Description narrative de l'entrée","Description narrative de l'entrée","","","","","","","","","",,,,,"",,,,"fr-lm-transfusion-de-produits-sanguins.description",1,1,"",""
"fr-lm-transfusion-de-produits-sanguins.statut","fr-lm-transfusion-de-produits-sanguins.statut","","","",1,1,"","","","code {[]} {[]}
","Statut de l'entrée. Fixé à la valeur 'completed'","Statut de l'entrée. Fixé à la valeur 'completed'","","","","","","","","","",,,,,"",,,,"fr-lm-transfusion-de-produits-sanguins.statut",1,1,"",""
"fr-lm-transfusion-de-produits-sanguins.date","fr-lm-transfusion-de-produits-sanguins.date","","","",1,1,"","","","dateTime {[]} {[]}
","Date de l'entrée","Date de l'entrée","","","","","","","","","",,,,,"",,,,"fr-lm-transfusion-de-produits-sanguins.date",1,1,"",""
"fr-lm-transfusion-de-produits-sanguins.transfusionProduitSanguin","fr-lm-transfusion-de-produits-sanguins.transfusionProduitSanguin","","","",1,1,"","","","boolean {[]} {[]}
","Transfusion de produit sanguin","Transfusion de produit sanguin","","","","","","","","","",,,,,"",,,,"fr-lm-transfusion-de-produits-sanguins.transfusionProduitSanguin",1,1,"",""
"fr-lm-transfusion-de-produits-sanguins.auteur","fr-lm-transfusion-de-produits-sanguins.auteur","","","",0,1,"","","","https://interop.esante.gouv.fr/ig/document/core/StructureDefinition/fr-lm-auteur {[]} {[]}
","Auteur","Auteur","","","","","","","","","",,,,,"",,,,"fr-lm-transfusion-de-produits-sanguins.auteur",0,1,"",""
