"Id","Path","Slice Name","Alias(s)","Label","Min","Max","Must Support?","Is Modifier?","Is Summary?","Type(s)","Short","Definition","Comments","Requirements","Default Value","Meaning When Missing","Fixed Value","Pattern","Example","Minimum Value","Maximum Value","Maximum Length","Binding Strength","Binding Description","Binding Value Set","Code","Slicing Discriminator","Slicing Description","Slicing Ordered","Slicing Rules","Base Path","Base Min","Base Max","Condition(s)","Constraint(s)"
"fr-lm-traitements-administres","fr-lm-traitements-administres","","","",0,*,"","","","null {[]} {[]}
","Modèle logique métier - FR LM Traitements administrés","Section Traitements administrés","","","","","","","","","",,,,,"",,,,"Base",0,*,"",""
"fr-lm-traitements-administres.codeSection","fr-lm-traitements-administres.codeSection","","","",1,1,"","","","CodeableConcept {[]} {[]}
","Code de la section","Code de la section","","","","","","","","","",,,,,"",,,,"fr-lm-section.codeSection",1,1,"",""
"fr-lm-traitements-administres.titreSection","fr-lm-traitements-administres.titreSection","","","",0,1,"","","","string {[]} {[]}
","Titre de la section","Titre de la section","","","","","","","","","",,,,,"",,,,"fr-lm-section.titreSection",0,1,"",""
"fr-lm-traitements-administres.blocNarratif","fr-lm-traitements-administres.blocNarratif","","","",1,1,"","","","Narrative {[]} {[]}
","Bloc narratif","Bloc narratif","","","","","","","","","",,,,,"",,,,"fr-lm-section.blocNarratif",1,1,"",""
"fr-lm-traitements-administres.sousSection","fr-lm-traitements-administres.sousSection","","","",0,0,"","","","Base {[]} {[]}
","Sous-sections","Sous-sections","","","","","","","","","",,,,,"",,,,"fr-lm-section.sousSection",0,*,"",""
"fr-lm-traitements-administres.entree","fr-lm-traitements-administres.entree","","","",1,*,"","","","Base {[]} {[]}
","Entrées","Entrées","","","","","","","","","",,,,,"",,,,"fr-lm-section.entree",0,*,"",""
"fr-lm-traitements-administres.entree.traitementAdministre","fr-lm-traitements-administres.entree.traitementAdministre","","","",1,*,"","","","https://interop.esante.gouv.fr/ig/document/core/StructureDefinition/fr-lm-traitement {[]} {[]}
","Entrée Traitement","Entrée Traitement","","","","","","","","","",,,,,"",,,,"fr-lm-traitements-administres.entree.traitementAdministre",1,*,"",""
