"Id","Path","Slice Name","Alias(s)","Label","Min","Max","Must Support?","Is Modifier?","Is Summary?","Type(s)","Short","Definition","Comments","Requirements","Default Value","Meaning When Missing","Fixed Value","Pattern","Example","Minimum Value","Maximum Value","Maximum Length","Binding Strength","Binding Description","Binding Value Set","Code","Slicing Discriminator","Slicing Description","Slicing Ordered","Slicing Rules","Base Path","Base Min","Base Max","Condition(s)","Constraint(s)"
"fr-lm-hors-amm","fr-lm-hors-amm","","","",0,*,"","","","null {[]} {[]}
","Modèle logique métier - FR LM Hors Autorisation de Mise sur le Marché (AMM)","Entrée Hors Autorisation de Mise sur le Marché (AMM)","","","","","","","","","",,,,,"",,,,"Base",0,*,"",""
"fr-lm-hors-amm.identifiant","fr-lm-hors-amm.identifiant","","","",1,1,"","","","Identifier {[]} {[]}
","Identifiant de l'entrée","Identifiant de l'entrée","","","","","","","","","",,,,,"",,,,"fr-lm-hors-amm.identifiant",1,1,"",""
"fr-lm-hors-amm.code","fr-lm-hors-amm.code","","","",1,1,"","","","CodeableConcept {[]} {[]}
","Type de l'entrée","Type de l'entrée","","","","","","","","","",,,,,"",,,,"fr-lm-hors-amm.code",1,1,"",""
"fr-lm-hors-amm.description","fr-lm-hors-amm.description","","","",1,1,"","","","Narrative {[]} {[]}
","Description narrative","Description narrative","","","","","","","","","",,,,,"",,,,"fr-lm-hors-amm.description",1,1,"",""
"fr-lm-hors-amm.statut","fr-lm-hors-amm.statut","","","",1,1,"","","","code {[]} {[]}
","Statut de l'entrée","Statut de l'entrée","","","","","","<valueCode xmlns=""http://hl7.org/fhir"" value=""completed""/>","","","",,,,,"",,,,"fr-lm-hors-amm.statut",1,1,"",""
"fr-lm-hors-amm.horodatage","fr-lm-hors-amm.horodatage","","","",0,1,"","","","dateTime {[]} {[]}
","Horodatage de l'entrée","Horodatage de l'entrée","","","","","","","","","",,,,,"",,,,"fr-lm-hors-amm.horodatage",0,1,"",""
"fr-lm-hors-amm.resultat","fr-lm-hors-amm.resultat","","","",1,1,"","","","CodeableConcept {[]} {[]}
","Résultat de l'observation","Résultat de l'observation","","","","","","","","","",,,,,"",,,,"fr-lm-hors-amm.resultat",1,1,"",""
"fr-lm-hors-amm.auteur","fr-lm-hors-amm.auteur","","","",0,*,"","","","https://interop.esante.gouv.fr/ig/document/core/StructureDefinition/fr-lm-auteur {[]} {[]}
","Auteur","Auteur","","","","","","","","","",,,,,"",,,,"fr-lm-hors-amm.auteur",0,*,"",""
