{"resourceType":"ConceptMap","id":"FRAllergyIntoleranceLMCDAFHIR","text":{"status":"generated","div":"<div xmlns=\"http://www.w3.org/1999/xhtml\"><p class=\"res-header-id\"><b>Narratif généré : CarteDeConcepts FRAllergyIntoleranceLMCDAFHIR</b></p><a name=\"FRAllergyIntoleranceLMCDAFHIR\"> </a><a name=\"hcFRAllergyIntoleranceLMCDAFHIR\"> </a><p>Mapping de (non spécifié) vers (non spécifié)</p><br/><p><b>Groupe 1 </b>Mapping de <a href=\"StructureDefinition-fr-lm-allergie-ou-hypersensibilite.html\">Modèle logique métier - FR LM Allergie ou Hypersensibilité</a> to <code>https://interop.esante.gouv.fr/ig/document/core/StructureDefinition/fr-cda-allergie-ou-hypersensibilite</code></p><table class=\"grid\"><tr><td><b>Code source</b></td><td><b>relation</b></td><td><b>Code cible</b></td></tr><tr><td>FRLMAllergieOuHypersensibilite</td><td><a href=\"http://hl7.org/fhir/R5/codesystem-concept-map-relationship.html#equivalent\" title=\"equivalent\">is equivalent to</a></td><td>FRCDAAllergieOuHypersensibilite</td></tr><tr><td>FRLMAllergieOuHypersensibilite.identifiant</td><td><a href=\"http://hl7.org/fhir/R5/codesystem-concept-map-relationship.html#equivalent\" title=\"equivalent\">is equivalent to</a></td><td>FRCDAAllergieOuHypersensibilite.id</td></tr><tr><td>FRLMAllergieOuHypersensibilite.description</td><td><a href=\"http://hl7.org/fhir/R5/codesystem-concept-map-relationship.html#equivalent\" title=\"equivalent\">is equivalent to</a></td><td>FRCDAAllergieOuHypersensibilite.text</td></tr><tr><td>FRLMAllergieOuHypersensibilite.type</td><td><a href=\"http://hl7.org/fhir/R5/codesystem-concept-map-relationship.html#equivalent\" title=\"equivalent\">is equivalent to</a></td><td>FRCDAAllergieOuHypersensibilite.code</td></tr><tr><td>FRLMAllergieOuHypersensibilite.statut</td><td><a href=\"http://hl7.org/fhir/R5/codesystem-concept-map-relationship.html#equivalent\" title=\"equivalent\">is equivalent to</a></td><td>FRCDAAllergieOuHypersensibilite.statusCode</td></tr><tr><td>FRLMAllergieOuHypersensibilite.date</td><td><a href=\"http://hl7.org/fhir/R5/codesystem-concept-map-relationship.html#equivalent\" title=\"equivalent\">is equivalent to</a></td><td>FRCDAAllergieOuHypersensibilite.effectiveTime</td></tr><tr><td>FRLMAllergieOuHypersensibilite.participant</td><td><a href=\"http://hl7.org/fhir/R5/codesystem-concept-map-relationship.html#equivalent\" title=\"equivalent\">is equivalent to</a></td><td>FRCDAAllergieOuHypersensibilite.participant</td></tr><tr><td>FRLMAllergieOuHypersensibilite.probleme</td><td><a href=\"http://hl7.org/fhir/R5/codesystem-concept-map-relationship.html#equivalent\" title=\"equivalent\">is equivalent to</a></td><td>FRCDAAllergieOuHypersensibilite.entryRelationship:frProbleme</td></tr><tr><td>FRLMAllergieOuHypersensibilite.statutClique</td><td><a href=\"http://hl7.org/fhir/R5/codesystem-concept-map-relationship.html#equivalent\" title=\"equivalent\">is equivalent to</a></td><td>FRCDAAllergieOuHypersensibilite.entryRelationship:frStatutCliniqueAllergie</td></tr><tr><td>FRLMAllergieOuHypersensibilite.certitude</td><td><a href=\"http://hl7.org/fhir/R5/codesystem-concept-map-relationship.html#equivalent\" title=\"equivalent\">is equivalent to</a></td><td>FRCDAAllergieOuHypersensibilite.entryRelationship:frCertitude</td></tr><tr><td>FRLMAllergieOuHypersensibilite.criticite</td><td><a href=\"http://hl7.org/fhir/R5/codesystem-concept-map-relationship.html#equivalent\" title=\"equivalent\">is equivalent to</a></td><td>FRCDAAllergieOuHypersensibilite.entryRelationship:frCriticite</td></tr></table><hr/><p><b>Groupe 2 </b>Mapping de <code>https://interop.esante.gouv.fr/ig/document/core/StructureDefinition/fr-cda-allergie-ou-hypersensibilite</code> to <code>https://interop.esante.gouv.fr/ig/document/core/StructureDefinition/fr-allergy-intolerance-document</code></p><table class=\"grid\"><tr><td><b>Code source</b></td><td><b>relation</b></td><td><b>Code cible</b></td></tr><tr><td>FRCDAAllergieOuHypersensibilite</td><td><a href=\"http://hl7.org/fhir/R5/codesystem-concept-map-relationship.html#equivalent\" title=\"equivalent\">is equivalent to</a></td><td>FRAllergyIntoleranceDocument</td></tr><tr><td>FRCDAAllergieOuHypersensibilite.id</td><td><a href=\"http://hl7.org/fhir/R5/codesystem-concept-map-relationship.html#equivalent\" title=\"equivalent\">is equivalent to</a></td><td>FRAllergyIntoleranceDocument.identifier</td></tr><tr><td>FRCDAAllergieOuHypersensibilite.text</td><td><a href=\"http://hl7.org/fhir/R5/codesystem-concept-map-relationship.html#equivalent\" title=\"equivalent\">is equivalent to</a></td><td>FRAllergyIntoleranceDocument.code.Text</td></tr><tr><td>FRCDAAllergieOuHypersensibilite.code</td><td><a href=\"http://hl7.org/fhir/R5/codesystem-concept-map-relationship.html#equivalent\" title=\"equivalent\">is equivalent to</a></td><td>FRAllergyIntoleranceDocument.code</td></tr><tr><td>FRCDAAllergieOuHypersensibilite.statusCode</td><td colspan=\"2\" style=\"background-color: #efefef\">(not mapped)</td></tr><tr><td>FRCDAAllergieOuHypersensibilite.effectiveTime</td><td><a href=\"http://hl7.org/fhir/R5/codesystem-concept-map-relationship.html#equivalent\" title=\"equivalent\">is equivalent to</a></td><td>FRAllergyIntoleranceDocument.onsetPeriod</td></tr><tr><td>FRCDAAllergieOuHypersensibilite.entryRelationship:frProbleme</td><td><a href=\"http://hl7.org/fhir/R5/codesystem-concept-map-relationship.html#equivalent\" title=\"equivalent\">is equivalent to</a></td><td>FRAllergyIntoleranceDocument.reaction</td></tr><tr><td>FRCDAAllergieOuHypersensibilite.participant</td><td><a href=\"http://hl7.org/fhir/R5/codesystem-concept-map-relationship.html#equivalent\" title=\"equivalent\">is equivalent to</a></td><td>FRAllergyIntoleranceDocument.reaction.substance</td></tr><tr><td>FRCDAAllergieOuHypersensibilite.entryRelationship:frStatutCliniqueAllergie</td><td><a href=\"http://hl7.org/fhir/R5/codesystem-concept-map-relationship.html#equivalent\" title=\"equivalent\">is equivalent to</a></td><td>FRAllergyIntoleranceDocument.clinicalStatus</td></tr><tr><td>FRCDAAllergieOuHypersensibilite.entryRelationship:frCertitude</td><td><a href=\"http://hl7.org/fhir/R5/codesystem-concept-map-relationship.html#equivalent\" title=\"equivalent\">is equivalent to</a></td><td>FRAllergyIntoleranceDocument.verificationStatus</td></tr><tr><td>FRCDAAllergieOuHypersensibilite.entryRelationship:frCriticite</td><td><a href=\"http://hl7.org/fhir/R5/codesystem-concept-map-relationship.html#equivalent\" title=\"equivalent\">is equivalent to</a></td><td>FRAllergyIntoleranceDocument.criticality</td></tr></table></div>"},"url":"https://interop.esante.gouv.fr/ig/document/core/ConceptMap/FRAllergyIntoleranceLMCDAFHIR","version":"0.1.0","title":"Mapping Métier/CDA/FHIR : \"Allergie ou Hypersensibilité\"","status":"draft","date":"2026-01-16T14:41:46+00:00","publisher":"Agence du Numérique en Santé (ANS) - 2-10 Rue d'Oradour-sur-Glane, 75015 Paris","contact":[{"name":"Agence du Numérique en Santé (ANS) - 2-10 Rue d'Oradour-sur-Glane, 75015 Paris","telecom":[{"system":"url","value":"https://esante.gouv.fr"}]}],"description":"Mapping des éléments du modèle métier FRLMAllergieOuHypersensibilite vers le profil CDA FRCDAAllergieOuHypersensibilite,puis vers le profil FHIR FRAllergyIntoleranceDocument.","jurisdiction":[{"coding":[{"system":"urn:iso:std:iso:3166","code":"FR","display":"FRANCE"}]}],"group":[{"source":"https://interop.esante.gouv.fr/ig/document/core/StructureDefinition/fr-lm-allergie-ou-hypersensibilite","target":"https://interop.esante.gouv.fr/ig/document/core/StructureDefinition/fr-cda-allergie-ou-hypersensibilite","element":[{"code":"FRLMAllergieOuHypersensibilite","target":[{"code":"FRCDAAllergieOuHypersensibilite","equivalence":"equivalent"}]},{"code":"FRLMAllergieOuHypersensibilite.identifiant","target":[{"code":"FRCDAAllergieOuHypersensibilite.id","equivalence":"equivalent"}]},{"code":"FRLMAllergieOuHypersensibilite.description","target":[{"code":"FRCDAAllergieOuHypersensibilite.text","equivalence":"equivalent"}]},{"code":"FRLMAllergieOuHypersensibilite.type","target":[{"code":"FRCDAAllergieOuHypersensibilite.code","equivalence":"equivalent"}]},{"code":"FRLMAllergieOuHypersensibilite.statut","target":[{"code":"FRCDAAllergieOuHypersensibilite.statusCode","equivalence":"equivalent"}]},{"code":"FRLMAllergieOuHypersensibilite.date","target":[{"code":"FRCDAAllergieOuHypersensibilite.effectiveTime","equivalence":"equivalent"}]},{"code":"FRLMAllergieOuHypersensibilite.participant","target":[{"code":"FRCDAAllergieOuHypersensibilite.participant","equivalence":"equivalent"}]},{"code":"FRLMAllergieOuHypersensibilite.probleme","target":[{"code":"FRCDAAllergieOuHypersensibilite.entryRelationship:frProbleme","equivalence":"equivalent"}]},{"code":"FRLMAllergieOuHypersensibilite.statutClique","target":[{"code":"FRCDAAllergieOuHypersensibilite.entryRelationship:frStatutCliniqueAllergie","equivalence":"equivalent"}]},{"code":"FRLMAllergieOuHypersensibilite.certitude","target":[{"code":"FRCDAAllergieOuHypersensibilite.entryRelationship:frCertitude","equivalence":"equivalent"}]},{"code":"FRLMAllergieOuHypersensibilite.criticite","target":[{"code":"FRCDAAllergieOuHypersensibilite.entryRelationship:frCriticite","equivalence":"equivalent"}]}]},{"source":"https://interop.esante.gouv.fr/ig/document/core/StructureDefinition/fr-cda-allergie-ou-hypersensibilite","target":"https://interop.esante.gouv.fr/ig/document/core/StructureDefinition/fr-allergy-intolerance-document","element":[{"code":"FRCDAAllergieOuHypersensibilite","target":[{"code":"FRAllergyIntoleranceDocument","equivalence":"equivalent"}]},{"code":"FRCDAAllergieOuHypersensibilite.id","target":[{"code":"FRAllergyIntoleranceDocument.identifier","equivalence":"equivalent"}]},{"code":"FRCDAAllergieOuHypersensibilite.text","target":[{"code":"FRAllergyIntoleranceDocument.code.Text","equivalence":"equivalent"}]},{"code":"FRCDAAllergieOuHypersensibilite.code","target":[{"code":"FRAllergyIntoleranceDocument.code","equivalence":"equivalent"}]},{"code":"FRCDAAllergieOuHypersensibilite.statusCode","target":[{"equivalence":"unmatched"}]},{"code":"FRCDAAllergieOuHypersensibilite.effectiveTime","target":[{"code":"FRAllergyIntoleranceDocument.onsetPeriod","equivalence":"equivalent"}]},{"code":"FRCDAAllergieOuHypersensibilite.entryRelationship:frProbleme","target":[{"code":"FRAllergyIntoleranceDocument.reaction","equivalence":"equivalent"}]},{"code":"FRCDAAllergieOuHypersensibilite.participant","target":[{"code":"FRAllergyIntoleranceDocument.reaction.substance","equivalence":"equivalent"}]},{"code":"FRCDAAllergieOuHypersensibilite.entryRelationship:frStatutCliniqueAllergie","target":[{"code":"FRAllergyIntoleranceDocument.clinicalStatus","equivalence":"equivalent"}]},{"code":"FRCDAAllergieOuHypersensibilite.entryRelationship:frCertitude","target":[{"code":"FRAllergyIntoleranceDocument.verificationStatus","equivalence":"equivalent"}]},{"code":"FRCDAAllergieOuHypersensibilite.entryRelationship:frCriticite","target":[{"code":"FRAllergyIntoleranceDocument.criticality","equivalence":"equivalent"}]}]}]}