{"resourceType":"ConceptMap","id":"mappingPriseEnchargeCDAFHIR","text":{"status":"generated","div":"<div xmlns=\"http://www.w3.org/1999/xhtml\"><p class=\"res-header-id\"><b>Narratif généré : CarteDeConcepts mappingPriseEnchargeCDAFHIR</b></p><a name=\"mappingPriseEnchargeCDAFHIR\"> </a><a name=\"hcmappingPriseEnchargeCDAFHIR\"> </a><p>Mapping de (non spécifié) vers (non spécifié)</p><br/><p><b>Groupe 1 </b>Mapping de <a href=\"StructureDefinition-fr-lm-prise-en-charge.html\">Modèle logique métier - FR LM Prise en charge</a> to <a href=\"StructureDefinition-fr-cda-component-of.html\">CDA - componentOf</a></p><table class=\"grid\"><tr><td><b>Code source</b></td><td><b>relation</b></td><td><b>Code cible</b></td><td><b>Commentaire</b></td></tr><tr><td>FRLMPriseEncharge</td><td><a href=\"http://hl7.org/fhir/R5/codesystem-concept-map-relationship.html#equivalent\" title=\"equivalent\">is equivalent to</a></td><td>componentOf</td><td/></tr><tr><td>FRLMPriseEncharge.identifiantPriseEnCharge</td><td><a href=\"http://hl7.org/fhir/R5/codesystem-concept-map-relationship.html#equivalent\" title=\"equivalent\">is equivalent to</a></td><td>componentOf.encompassingEncounter.id</td><td/></tr><tr><td>FRLMPriseEncharge.typePriseEnCharge</td><td><a href=\"http://hl7.org/fhir/R5/codesystem-concept-map-relationship.html#equivalent\" title=\"equivalent\">is equivalent to</a></td><td>componentOf.encompassingEncounter.code</td><td/></tr><tr><td>FRLMPriseEncharge.dateDebutFinPriseEnCharge</td><td><a href=\"http://hl7.org/fhir/R5/codesystem-concept-map-relationship.html#equivalent\" title=\"equivalent\">is equivalent to</a></td><td>componentOf.encompassingEncounter.effectiveTime</td><td/></tr><tr><td>FRLMPriseEncharge.typeSortie</td><td><a href=\"http://hl7.org/fhir/R5/codesystem-concept-map-relationship.html#equivalent\" title=\"equivalent\">is equivalent to</a></td><td>componentOf.encompassingEncounter.dischargeDispositionCode</td><td/></tr><tr><td>FRLMPriseEncharge.responsablePriseEnCharge</td><td><a href=\"http://hl7.org/fhir/R5/codesystem-concept-map-relationship.html#equivalent\" title=\"equivalent\">is equivalent to</a></td><td>componentOf.encompassingEncounter.responsibleParty.assignedEntity</td><td>L'élément responsablePriseEnCharge est de type PersonneStructure.</td></tr><tr><td>FRLMPriseEncharge.personneImpliqueePriseEnCharge</td><td><a href=\"http://hl7.org/fhir/R5/codesystem-concept-map-relationship.html#equivalent\" title=\"equivalent\">is equivalent to</a></td><td>componentOf.encompassingEncounter.encounterParticipant</td><td/></tr><tr><td>FRLMPriseEncharge.personneImpliqueePriseEnCharge.typeParticipation</td><td><a href=\"http://hl7.org/fhir/R5/codesystem-concept-map-relationship.html#equivalent\" title=\"equivalent\">is equivalent to</a></td><td>componentOf.encompassingEncounter.encounterParticipant@typeCode</td><td/></tr><tr><td>FRLMPriseEncharge.personneImpliqueePriseEnCharge.dateDebutFinParticipation</td><td><a href=\"http://hl7.org/fhir/R5/codesystem-concept-map-relationship.html#equivalent\" title=\"equivalent\">is equivalent to</a></td><td>componentOf.encompassingEncounter.encounterParticipant.time</td><td/></tr><tr><td>FRLMPriseEncharge.personneImpliqueePriseEnCharge.professionnelImplique</td><td><a href=\"http://hl7.org/fhir/R5/codesystem-concept-map-relationship.html#equivalent\" title=\"equivalent\">is equivalent to</a></td><td>componentOf.encompassingEncounter.encounterParticipant.assignedEntity</td><td>L'élément personneImpliqueePriseEnCharge est de type PersonneStructure. </td></tr><tr><td>FRLMPriseEncharge.lieuPriseEnCharge</td><td><a href=\"http://hl7.org/fhir/R5/codesystem-concept-map-relationship.html#equivalent\" title=\"equivalent\">is equivalent to</a></td><td>componentOf.encompassingEncounter.location</td><td/></tr><tr><td>FRLMPriseEncharge.lieuPriseEnCharge.structure</td><td><a href=\"http://hl7.org/fhir/R5/codesystem-concept-map-relationship.html#equivalent\" title=\"equivalent\">is equivalent to</a></td><td>componentOf.encompassingEncounter.location.healthcareFacility</td><td/></tr><tr><td>FRLMPriseEncharge.lieuPriseEnCharge.structure.secteurActivite</td><td><a href=\"http://hl7.org/fhir/R5/codesystem-concept-map-relationship.html#equivalent\" title=\"equivalent\">is equivalent to</a></td><td>componentOf.encompassingEncounter.location.healthcareFacility.code</td><td/></tr><tr><td>FRLMPriseEncharge.lieuPriseEnCharge.structure.secteurActivite.categorieEtablissement</td><td><a href=\"http://hl7.org/fhir/R5/codesystem-concept-map-relationship.html#equivalent\" title=\"equivalent\">is equivalent to</a></td><td>componentOf.encompassingEncounter.location.healthcareFacility.code.translation</td><td/></tr><tr><td>FRLMPriseEncharge.lieuPriseEnCharge.structure.nomStructure</td><td><a href=\"http://hl7.org/fhir/R5/codesystem-concept-map-relationship.html#equivalent\" title=\"equivalent\">is equivalent to</a></td><td>componentOf.encompassingEncounter.location.healthcareFacility.location.name</td><td/></tr><tr><td>FRLMPriseEncharge.lieuPriseEnCharge.structure.adresse</td><td><a href=\"http://hl7.org/fhir/R5/codesystem-concept-map-relationship.html#equivalent\" title=\"equivalent\">is equivalent to</a></td><td>componentOf.encompassingEncounter.location.healthcareFacility.location.addr</td><td/></tr></table><hr/><p><b>Groupe 2 </b>Mapping de <a href=\"StructureDefinition-fr-cda-component-of.html\">CDA - componentOf</a> to <a href=\"StructureDefinition-fr-encounter-document.html\">Encounter - FR Encounter Document</a></p><table class=\"grid\"><tr><td><b>Code source</b></td><td><b>relation</b></td><td><b>Code cible</b></td><td><b>Commentaire</b></td></tr><tr><td>componentOf</td><td><a href=\"http://hl7.org/fhir/R5/codesystem-concept-map-relationship.html#equivalent\" title=\"equivalent\">is equivalent to</a></td><td>Composition.encounter.Encounter</td><td>Composition.encounter.resolve().ofType(Encounter)</td></tr><tr><td>componentOf.encompassingEncounter.id</td><td><a href=\"http://hl7.org/fhir/R5/codesystem-concept-map-relationship.html#equivalent\" title=\"equivalent\">is equivalent to</a></td><td>Encounter.identifier</td><td/></tr><tr><td>componentOf.encompassingEncounter.code</td><td><a href=\"http://hl7.org/fhir/R5/codesystem-concept-map-relationship.html#equivalent\" title=\"equivalent\">is equivalent to</a></td><td>Encounter.type</td><td/></tr><tr><td>componentOf.encompassingEncounter.effectiveTime</td><td><a href=\"http://hl7.org/fhir/R5/codesystem-concept-map-relationship.html#equivalent\" title=\"equivalent\">is equivalent to</a></td><td>Encounter.period</td><td/></tr><tr><td>componentOf.encompassingEncounter.dischargeDispositionCode</td><td><a href=\"http://hl7.org/fhir/R5/codesystem-concept-map-relationship.html#equivalent\" title=\"equivalent\">is equivalent to</a></td><td>Encounter.hospitalization.dischargeDisposition</td><td/></tr><tr><td>componentOf.encompassingEncounter.responsibleParty.assignedEntity</td><td><a href=\"http://hl7.org/fhir/R5/codesystem-concept-map-relationship.html#equivalent\" title=\"equivalent\">is equivalent to</a></td><td>Encounter.participant.type=&quot;DIS&quot;.individual</td><td>Encounter.participant.individual.resolve().ofType(PractitionerRole)</td></tr><tr><td>componentOf.encompassingEncounter.encounterParticipant</td><td><a href=\"http://hl7.org/fhir/R5/codesystem-concept-map-relationship.html#equivalent\" title=\"equivalent\">is equivalent to</a></td><td>Encounter.participant</td><td/></tr><tr><td>componentOf.encompassingEncounter.encounterParticipant@typeCode</td><td><a href=\"http://hl7.org/fhir/R5/codesystem-concept-map-relationship.html#equivalent\" title=\"equivalent\">is equivalent to</a></td><td>Encounter.participant.type</td><td/></tr><tr><td>componentOf.encompassingEncounter.encounterParticipant.time</td><td><a href=\"http://hl7.org/fhir/R5/codesystem-concept-map-relationship.html#equivalent\" title=\"equivalent\">is equivalent to</a></td><td>Encounter.participant.period</td><td/></tr><tr><td>componentOf.encompassingEncounter.encounterParticipant.assignedEntity</td><td><a href=\"http://hl7.org/fhir/R5/codesystem-concept-map-relationship.html#equivalent\" title=\"equivalent\">is equivalent to</a></td><td>Encounter.participant.individual</td><td>Encounter.participant.individual.resolve().ofType(PractitionerRole)</td></tr><tr><td>componentOf.encompassingEncounter.location</td><td><a href=\"http://hl7.org/fhir/R5/codesystem-concept-map-relationship.html#equivalent\" title=\"equivalent\">is equivalent to</a></td><td>Encounter.location</td><td>Encounter.location.resolve().ofType(Location)</td></tr><tr><td>componentOf.encompassingEncounter.location.healthcareFacility</td><td><a href=\"http://hl7.org/fhir/R5/codesystem-concept-map-relationship.html#equivalent\" title=\"equivalent\">is equivalent to</a></td><td>Encounter.location.Location</td><td/></tr><tr><td>componentOf.encompassingEncounter.location.healthcareFacility.code</td><td><a href=\"http://hl7.org/fhir/R5/codesystem-concept-map-relationship.html#equivalent\" title=\"equivalent\">is equivalent to</a></td><td>Encounter.location.Location.type</td><td/></tr><tr><td>componentOf.encompassingEncounter.location.healthcareFacility.location.name</td><td><a href=\"http://hl7.org/fhir/R5/codesystem-concept-map-relationship.html#equivalent\" title=\"equivalent\">is equivalent to</a></td><td>Encounter.location.Location.name</td><td/></tr><tr><td>componentOf.encompassingEncounter.location.healthcareFacility.location.addr</td><td><a href=\"http://hl7.org/fhir/R5/codesystem-concept-map-relationship.html#equivalent\" title=\"equivalent\">is equivalent to</a></td><td>Encounter.location.Location.address</td><td/></tr></table></div>"},"url":"https://interop.esante.gouv.fr/ig/document/core/ConceptMap/mappingPriseEnchargeCDAFHIR","version":"0.1.0","name":"Mapping Métier/CDA/FHIR : \"Prise en charge\"","title":"Mapping Métier/CDA/FHIR : \"Prise en charge\"","status":"draft","experimental":false,"date":"2025-12-29T15:05:54+00:00","publisher":"Agence du Numérique en Santé (ANS) - 2-10 Rue d'Oradour-sur-Glane, 75015 Paris","contact":[{"name":"Agence du Numérique en Santé (ANS) - 2-10 Rue d'Oradour-sur-Glane, 75015 Paris","telecom":[{"system":"url","value":"https://esante.gouv.fr"}]}],"description":"Ce ConceptMap présente deux groupes de mapping : \n - Mapping 1 : entre le modèle métier \\\"prise en charge\\\" et l'élément CDA \\\"componentOf\\\"\n - Mapping 2 : entre l'élément CDA \\\"componentOf\\\" et l'élément FHIR \\\"Composition.encounter(Encounter)\\\" ","jurisdiction":[{"coding":[{"system":"urn:iso:std:iso:3166","code":"FR","display":"FRANCE"}]}],"group":[{"source":"https://interop.esante.gouv.fr/ig/document/core/StructureDefinition/fr-lm-prise-en-charge","target":"https://interop.esante.gouv.fr/ig/document/core/StructureDefinition/fr-cda-component-of","element":[{"code":"FRLMPriseEncharge","target":[{"code":"componentOf","equivalence":"equivalent"}]},{"code":"FRLMPriseEncharge.identifiantPriseEnCharge","target":[{"code":"componentOf.encompassingEncounter.id","equivalence":"equivalent"}]},{"code":"FRLMPriseEncharge.typePriseEnCharge","target":[{"code":"componentOf.encompassingEncounter.code","equivalence":"equivalent"}]},{"code":"FRLMPriseEncharge.dateDebutFinPriseEnCharge","target":[{"code":"componentOf.encompassingEncounter.effectiveTime","equivalence":"equivalent"}]},{"code":"FRLMPriseEncharge.typeSortie","target":[{"code":"componentOf.encompassingEncounter.dischargeDispositionCode","equivalence":"equivalent"}]},{"code":"FRLMPriseEncharge.responsablePriseEnCharge","target":[{"code":"componentOf.encompassingEncounter.responsibleParty.assignedEntity","equivalence":"equivalent","comment":"L'élément responsablePriseEnCharge est de type PersonneStructure."}]},{"code":"FRLMPriseEncharge.personneImpliqueePriseEnCharge","target":[{"code":"componentOf.encompassingEncounter.encounterParticipant","equivalence":"equivalent"}]},{"code":"FRLMPriseEncharge.personneImpliqueePriseEnCharge.typeParticipation","target":[{"code":"componentOf.encompassingEncounter.encounterParticipant@typeCode","equivalence":"equivalent"}]},{"code":"FRLMPriseEncharge.personneImpliqueePriseEnCharge.dateDebutFinParticipation","target":[{"code":"componentOf.encompassingEncounter.encounterParticipant.time","equivalence":"equivalent"}]},{"code":"FRLMPriseEncharge.personneImpliqueePriseEnCharge.professionnelImplique","target":[{"code":"componentOf.encompassingEncounter.encounterParticipant.assignedEntity","equivalence":"equivalent","comment":"L'élément personneImpliqueePriseEnCharge est de type PersonneStructure. "}]},{"code":"FRLMPriseEncharge.lieuPriseEnCharge","target":[{"code":"componentOf.encompassingEncounter.location","equivalence":"equivalent"}]},{"code":"FRLMPriseEncharge.lieuPriseEnCharge.structure","target":[{"code":"componentOf.encompassingEncounter.location.healthcareFacility","equivalence":"equivalent"}]},{"code":"FRLMPriseEncharge.lieuPriseEnCharge.structure.secteurActivite","target":[{"code":"componentOf.encompassingEncounter.location.healthcareFacility.code","equivalence":"equivalent"}]},{"code":"FRLMPriseEncharge.lieuPriseEnCharge.structure.secteurActivite.categorieEtablissement","target":[{"code":"componentOf.encompassingEncounter.location.healthcareFacility.code.translation","equivalence":"equivalent"}]},{"code":"FRLMPriseEncharge.lieuPriseEnCharge.structure.nomStructure","target":[{"code":"componentOf.encompassingEncounter.location.healthcareFacility.location.name","equivalence":"equivalent"}]},{"code":"FRLMPriseEncharge.lieuPriseEnCharge.structure.adresse","target":[{"code":"componentOf.encompassingEncounter.location.healthcareFacility.location.addr","equivalence":"equivalent"}]}]},{"source":"https://interop.esante.gouv.fr/ig/document/core/StructureDefinition/fr-cda-component-of","target":"https://interop.esante.gouv.fr/ig/document/core/StructureDefinition/fr-encounter-document","element":[{"code":"componentOf","target":[{"code":"Composition.encounter.Encounter","equivalence":"equivalent","comment":"Composition.encounter.resolve().ofType(Encounter)"}]},{"code":"componentOf.encompassingEncounter.id","target":[{"code":"Encounter.identifier","equivalence":"equivalent"}]},{"code":"componentOf.encompassingEncounter.code","target":[{"code":"Encounter.type","equivalence":"equivalent"}]},{"code":"componentOf.encompassingEncounter.effectiveTime","target":[{"code":"Encounter.period","equivalence":"equivalent"}]},{"code":"componentOf.encompassingEncounter.dischargeDispositionCode","target":[{"code":"Encounter.hospitalization.dischargeDisposition","equivalence":"equivalent"}]},{"code":"componentOf.encompassingEncounter.responsibleParty.assignedEntity","target":[{"code":"Encounter.participant.type=\"DIS\".individual","equivalence":"equivalent","comment":"Encounter.participant.individual.resolve().ofType(PractitionerRole)"}]},{"code":"componentOf.encompassingEncounter.encounterParticipant","target":[{"code":"Encounter.participant","equivalence":"equivalent"}]},{"code":"componentOf.encompassingEncounter.encounterParticipant@typeCode","target":[{"code":"Encounter.participant.type","equivalence":"equivalent"}]},{"code":"componentOf.encompassingEncounter.encounterParticipant.time","target":[{"code":"Encounter.participant.period","equivalence":"equivalent"}]},{"code":"componentOf.encompassingEncounter.encounterParticipant.assignedEntity","target":[{"code":"Encounter.participant.individual","equivalence":"equivalent","comment":"Encounter.participant.individual.resolve().ofType(PractitionerRole)"}]},{"code":"componentOf.encompassingEncounter.location","target":[{"code":"Encounter.location","equivalence":"equivalent","comment":"Encounter.location.resolve().ofType(Location)"}]},{"code":"componentOf.encompassingEncounter.location.healthcareFacility","target":[{"code":"Encounter.location.Location","equivalence":"equivalent"}]},{"code":"componentOf.encompassingEncounter.location.healthcareFacility.code","target":[{"code":"Encounter.location.Location.type","equivalence":"equivalent"}]},{"code":"componentOf.encompassingEncounter.location.healthcareFacility.location.name","target":[{"code":"Encounter.location.Location.name","equivalence":"equivalent"}]},{"code":"componentOf.encompassingEncounter.location.healthcareFacility.location.addr","target":[{"code":"Encounter.location.Location.address","equivalence":"equivalent"}]}]}]}