{"resourceType":"ConceptMap","id":"mappingSystemeFHIR","text":{"status":"generated","div":"<div xmlns=\"http://www.w3.org/1999/xhtml\"><p class=\"res-header-id\"><b>Narratif généré : CarteDeConcepts mappingSystemeFHIR</b></p><a name=\"mappingSystemeFHIR\"> </a><a name=\"hcmappingSystemeFHIR\"> </a><p>Mapping de (non spécifié) vers (non spécifié)</p><br/><p><b>Groupe 1 </b>Mapping de <code>https://interop.esante.gouv.fr/ig/document/core/StructureDefinition/fr-lm-systeme</code> to <a href=\"StructureDefinition-fr-cda-assigned-author.html\">CDA - assignedAuthor</a></p><table class=\"grid\"><tr><td><b>Code source</b></td><td><b>relation</b></td><td><b>Code cible</b></td></tr><tr><td>FRLMSysteme.identificationAuteur</td><td><a href=\"http://hl7.org/fhir/R5/codesystem-concept-map-relationship.html#equivalent\" title=\"equivalent\">is equivalent to</a></td><td>assignedAuthor</td></tr><tr><td>FRLMSysteme.identificationAuteur.identifiantAuteur</td><td><a href=\"http://hl7.org/fhir/R5/codesystem-concept-map-relationship.html#equivalent\" title=\"equivalent\">is equivalent to</a></td><td>assignedAuthor.id</td></tr><tr><td>FRLMSysteme.identificationAuteur.professionSavoirFaireRole</td><td><a href=\"http://hl7.org/fhir/R5/codesystem-concept-map-relationship.html#equivalent\" title=\"equivalent\">is equivalent to</a></td><td>assignedAuthor.code</td></tr><tr><td>FRLMSysteme.identificationAuteur.systeme</td><td><a href=\"http://hl7.org/fhir/R5/codesystem-concept-map-relationship.html#equivalent\" title=\"equivalent\">is equivalent to</a></td><td>assignedAuthor.assignedAuthoringDevice</td></tr><tr><td>FRLMSysteme.identificationAuteur.systeme.nomModeleSysteme</td><td><a href=\"http://hl7.org/fhir/R5/codesystem-concept-map-relationship.html#equivalent\" title=\"equivalent\">is equivalent to</a></td><td>assignedAuthor.assignedAuthoringDevice.manufacturerModelName</td></tr><tr><td>FRLMSysteme.identificationAuteur.systeme.nomSysteme</td><td><a href=\"http://hl7.org/fhir/R5/codesystem-concept-map-relationship.html#equivalent\" title=\"equivalent\">is equivalent to</a></td><td>assignedAuthor.assignedAuthoringDevice.softwareName</td></tr><tr><td>FRLMSysteme.identificationAuteur.structure</td><td><a href=\"http://hl7.org/fhir/R5/codesystem-concept-map-relationship.html#equivalent\" title=\"equivalent\">is equivalent to</a></td><td>assignedAuthor.representedOrganization</td></tr><tr><td>FRLMSysteme.identificationAuteur.structure.identifiantStructure</td><td><a href=\"http://hl7.org/fhir/R5/codesystem-concept-map-relationship.html#equivalent\" title=\"equivalent\">is equivalent to</a></td><td>assignedAuthor.representedOrganization.id</td></tr><tr><td>FRLMSysteme.identificationAuteur.structure.nomStructure</td><td><a href=\"http://hl7.org/fhir/R5/codesystem-concept-map-relationship.html#equivalent\" title=\"equivalent\">is equivalent to</a></td><td>assignedAuthor.representedOrganization.name</td></tr><tr><td>FRLMSysteme.identificationAuteur.structure.adresse</td><td><a href=\"http://hl7.org/fhir/R5/codesystem-concept-map-relationship.html#equivalent\" title=\"equivalent\">is equivalent to</a></td><td>assignedAuthor.representedOrganization.addr</td></tr><tr><td>FRLMSysteme.identificationAuteur.structure.coordonneesTelecom</td><td><a href=\"http://hl7.org/fhir/R5/codesystem-concept-map-relationship.html#equivalent\" title=\"equivalent\">is equivalent to</a></td><td>assignedAuthor.representedOrganization.telecom</td></tr></table><hr/><p><b>Groupe 2 </b>Mapping de <a href=\"StructureDefinition-fr-cda-assigned-author.html\">CDA - assignedAuthor</a> to <code>https://interop.esante.gouv.fr/ig/document/core/StructureDefinition/fr-device-document</code></p><table class=\"grid\"><tr><td><b>Code source</b></td><td><b>relation</b></td><td><b>Code cible</b></td><td><b>Commentaire</b></td></tr><tr><td>assignedAuthor</td><td><a href=\"http://hl7.org/fhir/R5/codesystem-concept-map-relationship.html#equivalent\" title=\"equivalent\">is equivalent to</a></td><td>Device</td><td/></tr><tr><td>assignedAuthor.id</td><td><a href=\"http://hl7.org/fhir/R5/codesystem-concept-map-relationship.html#equivalent\" title=\"equivalent\">is equivalent to</a></td><td>Device.identifier</td><td/></tr><tr><td>assignedAuthor.code</td><td><a href=\"http://hl7.org/fhir/R5/codesystem-concept-map-relationship.html#equivalent\" title=\"equivalent\">is equivalent to</a></td><td>Device.type</td><td/></tr><tr><td>assignedAuthor.assignedAuthoringDevice.manufacturerModelName</td><td><a href=\"http://hl7.org/fhir/R5/codesystem-concept-map-relationship.html#equivalent\" title=\"equivalent\">is equivalent to</a></td><td>Device.deviceName.name</td><td/></tr><tr><td>assignedAuthor.assignedAuthoringDevice.softwareName</td><td><a href=\"http://hl7.org/fhir/R5/codesystem-concept-map-relationship.html#equivalent\" title=\"equivalent\">is equivalent to</a></td><td>Device.deviceName.type</td><td/></tr><tr><td>assignedAuthor.representedOrganization</td><td><a href=\"http://hl7.org/fhir/R5/codesystem-concept-map-relationship.html#equivalent\" title=\"equivalent\">is equivalent to</a></td><td>Device.owner.organization</td><td>Device.owner.organization.resolve().ofType(Organization)</td></tr><tr><td>assignedAuthor.representedOrganization.id</td><td><a href=\"http://hl7.org/fhir/R5/codesystem-concept-map-relationship.html#equivalent\" title=\"equivalent\">is equivalent to</a></td><td>Device.owner.organization.identifier</td><td/></tr><tr><td>assignedAuthor.representedOrganization.name</td><td><a href=\"http://hl7.org/fhir/R5/codesystem-concept-map-relationship.html#equivalent\" title=\"equivalent\">is equivalent to</a></td><td>Device.owner.organization.name</td><td/></tr><tr><td>assignedAuthor.representedOrganization.addr</td><td><a href=\"http://hl7.org/fhir/R5/codesystem-concept-map-relationship.html#equivalent\" title=\"equivalent\">is equivalent to</a></td><td>Device.owner.organization.address</td><td/></tr><tr><td>assignedAuthor.representedOrganization.telecomm</td><td><a href=\"http://hl7.org/fhir/R5/codesystem-concept-map-relationship.html#equivalent\" title=\"equivalent\">is equivalent to</a></td><td>Device.owner.organization.telecom</td><td/></tr></table></div>"},"url":"https://interop.esante.gouv.fr/ig/document/core/ConceptMap/mappingSystemeFHIR","version":"0.1.0","name":"Mapping Métier/CDA/FHIR : \"Système / Structure Auteur\"","title":"Mapping Métier/CDA/FHIR : \"Système / Structure Auteur\"","status":"draft","experimental":false,"date":"2026-01-16T14:41:46+00:00","publisher":"Agence du Numérique en Santé (ANS) - 2-10 Rue d'Oradour-sur-Glane, 75015 Paris","contact":[{"name":"Agence du Numérique en Santé (ANS) - 2-10 Rue d'Oradour-sur-Glane, 75015 Paris","telecom":[{"system":"url","value":"https://esante.gouv.fr"}]}],"description":"Ce ConceptMap de l'élément SystemeStructureAuteur présente deux groupes de mapping : \n - Mapping 1 : entre le modèle métier \\\"SystemeStructureAuteur\\\" et l'élément CDA \\\"assignedAuthor\\\"\n - Mapping 2 : entre l'élément CDA \\\"assignedAuthor\\\" et le profil FHIR \\\"FrDeviceDocument\\\" ","jurisdiction":[{"coding":[{"system":"urn:iso:std:iso:3166","code":"FR","display":"FRANCE"}]}],"group":[{"source":"https://interop.esante.gouv.fr/ig/document/core/StructureDefinition/fr-lm-systeme","target":"https://interop.esante.gouv.fr/ig/document/core/StructureDefinition/fr-cda-assigned-author","element":[{"code":"FRLMSysteme.identificationAuteur","target":[{"code":"assignedAuthor","equivalence":"equivalent"}]},{"code":"FRLMSysteme.identificationAuteur.identifiantAuteur","target":[{"code":"assignedAuthor.id","equivalence":"equivalent"}]},{"code":"FRLMSysteme.identificationAuteur.professionSavoirFaireRole","target":[{"code":"assignedAuthor.code","equivalence":"equivalent"}]},{"code":"FRLMSysteme.identificationAuteur.systeme","target":[{"code":"assignedAuthor.assignedAuthoringDevice","equivalence":"equivalent"}]},{"code":"FRLMSysteme.identificationAuteur.systeme.nomModeleSysteme","target":[{"code":"assignedAuthor.assignedAuthoringDevice.manufacturerModelName","equivalence":"equivalent"}]},{"code":"FRLMSysteme.identificationAuteur.systeme.nomSysteme","target":[{"code":"assignedAuthor.assignedAuthoringDevice.softwareName","equivalence":"equivalent"}]},{"code":"FRLMSysteme.identificationAuteur.structure","target":[{"code":"assignedAuthor.representedOrganization","equivalence":"equivalent"}]},{"code":"FRLMSysteme.identificationAuteur.structure.identifiantStructure","target":[{"code":"assignedAuthor.representedOrganization.id","equivalence":"equivalent"}]},{"code":"FRLMSysteme.identificationAuteur.structure.nomStructure","target":[{"code":"assignedAuthor.representedOrganization.name","equivalence":"equivalent"}]},{"code":"FRLMSysteme.identificationAuteur.structure.adresse","target":[{"code":"assignedAuthor.representedOrganization.addr","equivalence":"equivalent"}]},{"code":"FRLMSysteme.identificationAuteur.structure.coordonneesTelecom","target":[{"code":"assignedAuthor.representedOrganization.telecom","equivalence":"equivalent"}]}]},{"source":"https://interop.esante.gouv.fr/ig/document/core/StructureDefinition/fr-cda-assigned-author","target":"https://interop.esante.gouv.fr/ig/document/core/StructureDefinition/fr-device-document","element":[{"code":"assignedAuthor","target":[{"code":"Device","equivalence":"equivalent"}]},{"code":"assignedAuthor.id","target":[{"code":"Device.identifier","equivalence":"equivalent"}]},{"code":"assignedAuthor.code","target":[{"code":"Device.type","equivalence":"equivalent"}]},{"code":"assignedAuthor.assignedAuthoringDevice.manufacturerModelName","target":[{"code":"Device.deviceName.name","equivalence":"equivalent"}]},{"code":"assignedAuthor.assignedAuthoringDevice.softwareName","target":[{"code":"Device.deviceName.type","equivalence":"equivalent"}]},{"code":"assignedAuthor.representedOrganization","target":[{"code":"Device.owner.organization","equivalence":"equivalent","comment":"Device.owner.organization.resolve().ofType(Organization)"}]},{"code":"assignedAuthor.representedOrganization.id","target":[{"code":"Device.owner.organization.identifier","equivalence":"equivalent"}]},{"code":"assignedAuthor.representedOrganization.name","target":[{"code":"Device.owner.organization.name","equivalence":"equivalent"}]},{"code":"assignedAuthor.representedOrganization.addr","target":[{"code":"Device.owner.organization.address","equivalence":"equivalent"}]},{"code":"assignedAuthor.representedOrganization.telecomm","target":[{"code":"Device.owner.organization.telecom","equivalence":"equivalent"}]}]}]}