{"resourceType":"ConceptMap","id":"mappingValidateurCDAFHIR","text":{"status":"generated","div":"<div xmlns=\"http://www.w3.org/1999/xhtml\"><p class=\"res-header-id\"><b>Narratif généré : CarteDeConcepts mappingValidateurCDAFHIR</b></p><a name=\"mappingValidateurCDAFHIR\"> </a><a name=\"hcmappingValidateurCDAFHIR\"> </a><p>Mapping de (non spécifié) vers (non spécifié)</p><br/><p><b>Groupe 1 </b>Mapping de <a href=\"StructureDefinition-fr-lm-validateur.html\">Modèle logique métier - FR LM Validateur</a> to <a href=\"StructureDefinition-fr-cda-authenticator.html\">CDA - authenticator</a></p><table class=\"grid\"><tr><td><b>Code source</b></td><td><b>relation</b></td><td><b>Code cible</b></td><td><b>Commentaire</b></td></tr><tr><td>FRLMValidateur</td><td><a href=\"http://hl7.org/fhir/R5/codesystem-concept-map-relationship.html#equivalent\" title=\"equivalent\">is equivalent to</a></td><td>authenticator</td><td/></tr><tr><td>FRLMValidateur.dateHeureAttestationValidite</td><td><a href=\"http://hl7.org/fhir/R5/codesystem-concept-map-relationship.html#equivalent\" title=\"equivalent\">is equivalent to</a></td><td>authenticator.time</td><td/></tr><tr><td>FRLMValidateur.validateur</td><td><a href=\"http://hl7.org/fhir/R5/codesystem-concept-map-relationship.html#equivalent\" title=\"equivalent\">is equivalent to</a></td><td>authenticator.assignedEntity</td><td>L'élément validateur est de type : PersonneStructure</td></tr></table><hr/><p><b>Groupe 2 </b>Mapping de <a href=\"StructureDefinition-fr-cda-authenticator.html\">CDA - authenticator</a> to <a href=\"StructureDefinition-fr-composition-document.html\">FR Composition Document</a></p><table class=\"grid\"><tr><td><b>Code source</b></td><td><b>relation</b></td><td><b>Code cible</b></td><td><b>Commentaire</b></td></tr><tr><td>authenticator</td><td><a href=\"http://hl7.org/fhir/R5/codesystem-concept-map-relationship.html#equivalent\" title=\"equivalent\">is equivalent to</a></td><td>Composition.attester</td><td>attester.where(mode='professional')</td></tr><tr><td>authenticator.time</td><td><a href=\"http://hl7.org/fhir/R5/codesystem-concept-map-relationship.html#equivalent\" title=\"equivalent\">is equivalent to</a></td><td>Composition.attester.time</td><td/></tr><tr><td>authenticator.assignedEntity</td><td><a href=\"http://hl7.org/fhir/R5/codesystem-concept-map-relationship.html#equivalent\" title=\"equivalent\">is equivalent to</a></td><td>Composition.attester.party.PractitionerRole</td><td>attester.party.resolve().ofType(PractitionerRole)</td></tr><tr><td>authenticator.assignedEntity.id</td><td><a href=\"http://hl7.org/fhir/R5/codesystem-concept-map-relationship.html#equivalent\" title=\"equivalent\">is equivalent to</a></td><td>Composition.attester.party.PractitionerRole.Practitioner.identifier</td><td>attester.party.resolve().ofType(PractitionerRole).practitioner.resolve()</td></tr><tr><td>authenticator.assignedEntity.code</td><td><a href=\"http://hl7.org/fhir/R5/codesystem-concept-map-relationship.html#equivalent\" title=\"equivalent\">is equivalent to</a></td><td>Composition.attester.party.PractitionerRole.Practitioner.qualification.code</td><td/></tr><tr><td>authenticator.assignedEntity.addr</td><td><a href=\"http://hl7.org/fhir/R5/codesystem-concept-map-relationship.html#equivalent\" title=\"equivalent\">is equivalent to</a></td><td>Composition.attester.party.PractitionerRole.Practitioner.address</td><td/></tr><tr><td>authenticator.assignedEntity.telecom</td><td><a href=\"http://hl7.org/fhir/R5/codesystem-concept-map-relationship.html#equivalent\" title=\"equivalent\">is equivalent to</a></td><td>Composition.attester.party.PractitionerRole.Practitioner.telecom</td><td/></tr><tr><td>authenticator.assignedEntity.name</td><td><a href=\"http://hl7.org/fhir/R5/codesystem-concept-map-relationship.html#equivalent\" title=\"equivalent\">is equivalent to</a></td><td>Composition.attester.party.PractitionerRole.Practitioner.name</td><td/></tr><tr><td>authenticator.assignedEntity.name.family</td><td><a href=\"http://hl7.org/fhir/R5/codesystem-concept-map-relationship.html#equivalent\" title=\"equivalent\">is equivalent to</a></td><td>Composition.attester.party.PractitionerRole.Practitioner.name.family</td><td/></tr><tr><td>authenticator.assignedEntity.name.given</td><td><a href=\"http://hl7.org/fhir/R5/codesystem-concept-map-relationship.html#equivalent\" title=\"equivalent\">is equivalent to</a></td><td>Composition.attester.party.PractitionerRole.Practitioner.name.given</td><td/></tr><tr><td>authenticator.assignedEntity.name.prefix</td><td><a href=\"http://hl7.org/fhir/R5/codesystem-concept-map-relationship.html#equivalent\" title=\"equivalent\">is equivalent to</a></td><td>Composition.attester.party.PractitionerRole.Practitioner.name.prefix</td><td/></tr><tr><td>authenticator.assignedEntity.name.suffix</td><td><a href=\"http://hl7.org/fhir/R5/codesystem-concept-map-relationship.html#equivalent\" title=\"equivalent\">is equivalent to</a></td><td>Composition.attester.party.PractitionerRole.Practitioner.name.suffix</td><td/></tr><tr><td>authenticator.assignedEntity.representedOrganization</td><td><a href=\"http://hl7.org/fhir/R5/codesystem-concept-map-relationship.html#equivalent\" title=\"equivalent\">is equivalent to</a></td><td>Composition.attester.party.PractitionerRole.Organization</td><td>attester.party.resolve().ofType(PractitionerRole).organization.resolve()</td></tr><tr><td>authenticator.assignedEntity.representedOrganization.id</td><td><a href=\"http://hl7.org/fhir/R5/codesystem-concept-map-relationship.html#equivalent\" title=\"equivalent\">is equivalent to</a></td><td>Composition.attester.party.PractitionerRole.Organization.identifier</td><td/></tr><tr><td>authenticator.assignedEntity.representedOrganization.name</td><td><a href=\"http://hl7.org/fhir/R5/codesystem-concept-map-relationship.html#equivalent\" title=\"equivalent\">is equivalent to</a></td><td>Composition.attester.party.PractitionerRole.Organization.name</td><td/></tr><tr><td>authenticator.assignedEntity.representedOrganization.telecom</td><td><a href=\"http://hl7.org/fhir/R5/codesystem-concept-map-relationship.html#equivalent\" title=\"equivalent\">is equivalent to</a></td><td>Composition.attester.party.PractitionerRole.Organization.telecom</td><td/></tr><tr><td>authenticator.assignedEntity.representedOrganization.addr</td><td><a href=\"http://hl7.org/fhir/R5/codesystem-concept-map-relationship.html#equivalent\" title=\"equivalent\">is equivalent to</a></td><td>Composition.attester.party.PractitionerRole.Organization.address</td><td/></tr><tr><td>authenticator.assignedEntity.representedOrganization.standardIndustryClassCode</td><td><a href=\"http://hl7.org/fhir/R5/codesystem-concept-map-relationship.html#equivalent\" title=\"equivalent\">is equivalent to</a></td><td>Composition.attester.party.PractitionerRole.Organization.type</td><td/></tr></table></div>"},"url":"https://interop.esante.gouv.fr/ig/document/core/ConceptMap/mappingValidateurCDAFHIR","version":"0.1.0","name":"Mapping Métier/CDA/FHIR : \"Validateur\"","title":"Mapping Métier/CDA/FHIR : \"Validateur\"","status":"draft","experimental":false,"date":"2026-01-05T15:47:03+00:00","publisher":"Agence du Numérique en Santé (ANS) - 2-10 Rue d'Oradour-sur-Glane, 75015 Paris","contact":[{"name":"Agence du Numérique en Santé (ANS) - 2-10 Rue d'Oradour-sur-Glane, 75015 Paris","telecom":[{"system":"url","value":"https://esante.gouv.fr"}]}],"description":"Ce ConceptMap présente deux groupes de mapping : \n - Mapping 1 : entre le modèle métier \\\"validateur\\\" et l'élément CDA \\\"authenticator\\\"\n - Mapping 2 : entre l'élément CDA \\\"authenticator\\\" et l'élément FHIR \\\"Composition.attester\\\" ","jurisdiction":[{"coding":[{"system":"urn:iso:std:iso:3166","code":"FR","display":"FRANCE"}]}],"group":[{"source":"https://interop.esante.gouv.fr/ig/document/core/StructureDefinition/fr-lm-validateur","target":"https://interop.esante.gouv.fr/ig/document/core/StructureDefinition/fr-cda-authenticator","element":[{"code":"FRLMValidateur","target":[{"code":"authenticator","equivalence":"equivalent"}]},{"code":"FRLMValidateur.dateHeureAttestationValidite","target":[{"code":"authenticator.time","equivalence":"equivalent"}]},{"code":"FRLMValidateur.validateur","target":[{"code":"authenticator.assignedEntity","equivalence":"equivalent","comment":"L'élément validateur est de type : PersonneStructure"}]}]},{"source":"https://interop.esante.gouv.fr/ig/document/core/StructureDefinition/fr-cda-authenticator","target":"https://interop.esante.gouv.fr/ig/document/core/StructureDefinition/fr-composition-document","element":[{"code":"authenticator","target":[{"code":"Composition.attester","equivalence":"equivalent","comment":"attester.where(mode='professional')"}]},{"code":"authenticator.time","target":[{"code":"Composition.attester.time","equivalence":"equivalent"}]},{"code":"authenticator.assignedEntity","target":[{"code":"Composition.attester.party.PractitionerRole","equivalence":"equivalent","comment":"attester.party.resolve().ofType(PractitionerRole)"}]},{"code":"authenticator.assignedEntity.id","target":[{"code":"Composition.attester.party.PractitionerRole.Practitioner.identifier","equivalence":"equivalent","comment":"attester.party.resolve().ofType(PractitionerRole).practitioner.resolve()"}]},{"code":"authenticator.assignedEntity.code","target":[{"code":"Composition.attester.party.PractitionerRole.Practitioner.qualification.code","equivalence":"equivalent"}]},{"code":"authenticator.assignedEntity.addr","target":[{"code":"Composition.attester.party.PractitionerRole.Practitioner.address","equivalence":"equivalent"}]},{"code":"authenticator.assignedEntity.telecom","target":[{"code":"Composition.attester.party.PractitionerRole.Practitioner.telecom","equivalence":"equivalent"}]},{"code":"authenticator.assignedEntity.name","target":[{"code":"Composition.attester.party.PractitionerRole.Practitioner.name","equivalence":"equivalent"}]},{"code":"authenticator.assignedEntity.name.family","target":[{"code":"Composition.attester.party.PractitionerRole.Practitioner.name.family","equivalence":"equivalent"}]},{"code":"authenticator.assignedEntity.name.given","target":[{"code":"Composition.attester.party.PractitionerRole.Practitioner.name.given","equivalence":"equivalent"}]},{"code":"authenticator.assignedEntity.name.prefix","target":[{"code":"Composition.attester.party.PractitionerRole.Practitioner.name.prefix","equivalence":"equivalent"}]},{"code":"authenticator.assignedEntity.name.suffix","target":[{"code":"Composition.attester.party.PractitionerRole.Practitioner.name.suffix","equivalence":"equivalent"}]},{"code":"authenticator.assignedEntity.representedOrganization","target":[{"code":"Composition.attester.party.PractitionerRole.Organization","equivalence":"equivalent","comment":"attester.party.resolve().ofType(PractitionerRole).organization.resolve()"}]},{"code":"authenticator.assignedEntity.representedOrganization.id","target":[{"code":"Composition.attester.party.PractitionerRole.Organization.identifier","equivalence":"equivalent"}]},{"code":"authenticator.assignedEntity.representedOrganization.name","target":[{"code":"Composition.attester.party.PractitionerRole.Organization.name","equivalence":"equivalent"}]},{"code":"authenticator.assignedEntity.representedOrganization.telecom","target":[{"code":"Composition.attester.party.PractitionerRole.Organization.telecom","equivalence":"equivalent"}]},{"code":"authenticator.assignedEntity.representedOrganization.addr","target":[{"code":"Composition.attester.party.PractitionerRole.Organization.address","equivalence":"equivalent"}]},{"code":"authenticator.assignedEntity.representedOrganization.standardIndustryClassCode","target":[{"code":"Composition.attester.party.PractitionerRole.Organization.type","equivalence":"equivalent"}]}]}]}