{
  "resourceType" : "ConceptMap",
  "id" : "mappingInformateurCDAFHIR",
  "text" : {
    "status" : "generated",
    "div" : "<div xmlns=\"http://www.w3.org/1999/xhtml\"><p class=\"res-header-id\"><b>Narratif généré : CarteDeConcepts mappingInformateurCDAFHIR</b></p><a name=\"mappingInformateurCDAFHIR\"> </a><a name=\"hcmappingInformateurCDAFHIR\"> </a><p>Mapping de (non spécifié) vers (non spécifié)</p><br/><p><b>Groupe 1 </b>Mapping de <a href=\"StructureDefinition-fr-lm-informateur.html\">Modèle logique métier - FR LM Informateur</a> to <a href=\"StructureDefinition-fr-cda-informant.html\">CDA - informant</a></p><table class=\"grid\"><tr><td><b>Code source</b></td><td><b>relation</b></td><td><b>Code cible</b></td><td><b>Commentaire</b></td></tr><tr><td>FRLMInformateur</td><td><a href=\"http://hl7.org/fhir/R5/codesystem-concept-map-relationship.html#equivalent\" title=\"equivalent\">is equivalent to</a></td><td>informant</td><td/></tr><tr><td>FRLMInformateur.informateur</td><td><a href=\"http://hl7.org/fhir/R5/codesystem-concept-map-relationship.html#equivalent\" title=\"equivalent\">is equivalent to</a></td><td>informant.assignedEntity</td><td>L'élément informateur est de type PersonneStructure.</td></tr><tr><td>FRLMInformateur.informateur</td><td><a href=\"http://hl7.org/fhir/R5/codesystem-concept-map-relationship.html#equivalent\" title=\"equivalent\">is equivalent to</a></td><td>informant.relatedEntity</td><td>L'élément informateur est de type PersonneStructure.</td></tr></table><hr/><p><b>Groupe 2 </b>Mapping de <a href=\"StructureDefinition-fr-cda-informant.html\">CDA - informant</a> to <a href=\"http://hl7.org/fhir/uv/fhir-clinical-document/STU1/StructureDefinition-informant-extension.html\">Informant Extension</a></p><table class=\"grid\"><tr><td><b>Code source</b></td><td><b>relation</b></td><td><b>Code cible</b></td><td><b>Commentaire</b></td></tr><tr><td>informant</td><td><a href=\"http://hl7.org/fhir/R5/codesystem-concept-map-relationship.html#equivalent\" title=\"equivalent\">is equivalent to</a></td><td>extension:InformantExtension</td><td/></tr><tr><td>informant.assignedEntity</td><td><a href=\"http://hl7.org/fhir/R5/codesystem-concept-map-relationship.html#equivalent\" title=\"equivalent\">is equivalent to</a></td><td>extension:InformantExtension.extension:party.ValueReference</td><td>extension:party.ValueReference.resolve().ofType(PractitionerRole or Patient)</td></tr><tr><td>informant.relatedEntity</td><td><a href=\"http://hl7.org/fhir/R5/codesystem-concept-map-relationship.html#equivalent\" title=\"equivalent\">is equivalent to</a></td><td>extension:InformantExtension.extension:party.ValueReference</td><td>extension:party.ValueReference.resolve().ofType(RelatedPerson)</td></tr></table></div>"
  },
  "url" : "https://interop.esante.gouv.fr/ig/document/core/ConceptMap/mappingInformateurCDAFHIR",
  "version" : "0.1.0",
  "name" : "Mapping Métier/CDA/FHIR : \"Informateur\"",
  "title" : "Mapping Métier/CDA/FHIR : \"Informateur\"",
  "status" : "draft",
  "experimental" : false,
  "date" : "2025-12-15T10:48:02+00:00",
  "publisher" : "Agence du Numérique en Santé (ANS) - 2-10 Rue d'Oradour-sur-Glane, 75015 Paris",
  "contact" : [{
    "name" : "Agence du Numérique en Santé (ANS) - 2-10 Rue d'Oradour-sur-Glane, 75015 Paris",
    "telecom" : [{
      "system" : "url",
      "value" : "https://esante.gouv.fr"
    }]
  }],
  "description" : "Ce ConceptMap présente deux groupes de mapping : \n - Mapping 1 : entre le modèle métier \\\"informateur\\\" et l'élément CDA \\\"informant\\\"\n - Mapping 2 : entre l'élément CDA \\\"informant\\\" et l'extension FHIR \\\"InformantExtension\\\" ",
  "jurisdiction" : [{
    "coding" : [{
      "system" : "urn:iso:std:iso:3166",
      "code" : "FR",
      "display" : "FRANCE"
    }]
  }],
  "group" : [{
    "source" : "https://interop.esante.gouv.fr/ig/document/core/StructureDefinition/fr-lm-informateur",
    "target" : "https://interop.esante.gouv.fr/ig/document/core/StructureDefinition/fr-cda-informant",
    "element" : [{
      "code" : "FRLMInformateur",
      "target" : [{
        "code" : "informant",
        "equivalence" : "equivalent"
      }]
    },
    {
      "code" : "FRLMInformateur.informateur",
      "target" : [{
        "code" : "informant.assignedEntity",
        "equivalence" : "equivalent",
        "comment" : "L'élément informateur est de type PersonneStructure."
      }]
    },
    {
      "code" : "FRLMInformateur.informateur",
      "target" : [{
        "code" : "informant.relatedEntity",
        "equivalence" : "equivalent",
        "comment" : "L'élément informateur est de type PersonneStructure."
      }]
    }]
  },
  {
    "source" : "https://interop.esante.gouv.fr/ig/document/core/StructureDefinition/fr-cda-informant",
    "target" : "http://hl7.org/fhir/uv/fhir-clinical-document/StructureDefinition/informant-extension",
    "element" : [{
      "code" : "informant",
      "target" : [{
        "code" : "extension:InformantExtension",
        "equivalence" : "equivalent"
      }]
    },
    {
      "code" : "informant.assignedEntity",
      "target" : [{
        "code" : "extension:InformantExtension.extension:party.ValueReference",
        "equivalence" : "equivalent",
        "comment" : "extension:party.ValueReference.resolve().ofType(PractitionerRole or Patient)"
      }]
    },
    {
      "code" : "informant.relatedEntity",
      "target" : [{
        "code" : "extension:InformantExtension.extension:party.ValueReference",
        "equivalence" : "equivalent",
        "comment" : "extension:party.ValueReference.resolve().ofType(RelatedPerson)"
      }]
    }]
  }]
}