<?xml version="1.0" encoding="UTF-8"?>

<ConceptMap xmlns="http://hl7.org/fhir">
  <id value="mappingmodelemetierCDAFHIR"/>
  <text>
    <status value="generated"/><div xmlns="http://www.w3.org/1999/xhtml"><p class="res-header-id"><b>Narratif généré : CarteDeConcepts mappingmodelemetierCDAFHIR</b></p><a name="mappingmodelemetierCDAFHIR"> </a><a name="hcmappingmodelemetierCDAFHIR"> </a><p>Mapping de (non spécifié) vers (non spécifié)</p><br/><p><b>Groupe 1 </b>Mapping de <a href="StructureDefinition-fr-lm-entete-document.html">Modèle logique métier - FR LM En-tête document</a> to <a href="StructureDefinition-fr-cda-clinical-document.html">CDA - clinicalDocument</a></p><table class="grid"><tr><td><b>Code source</b></td><td><b>relation</b></td><td><b>Code cible</b></td></tr><tr><td>FRLMEnteteDocument</td><td><a href="http://hl7.org/fhir/R5/codesystem-concept-map-relationship.html#equivalent" title="equivalent">is equivalent to</a></td><td>ClinicalDocument</td></tr><tr><td>FRLMEnteteDocument.identifiantUniqueDocument</td><td><a href="http://hl7.org/fhir/R5/codesystem-concept-map-relationship.html#equivalent" title="equivalent">is equivalent to</a></td><td>ClinicalDocument.id</td></tr><tr><td>FRLMEnteteDocument.modeleDocument</td><td><a href="http://hl7.org/fhir/R5/codesystem-concept-map-relationship.html#equivalent" title="equivalent">is equivalent to</a></td><td>ClinicalDocument.templateId</td></tr><tr><td>FRLMEnteteDocument.typeDocument</td><td><a href="http://hl7.org/fhir/R5/codesystem-concept-map-relationship.html#equivalent" title="equivalent">is equivalent to</a></td><td>ClinicalDocument.code</td></tr><tr><td>FRLMEnteteDocument.titreDocument</td><td><a href="http://hl7.org/fhir/R5/codesystem-concept-map-relationship.html#equivalent" title="equivalent">is equivalent to</a></td><td>ClinicalDocument.title</td></tr><tr><td>FRLMEnteteDocument.dateDeCreationDocument</td><td><a href="http://hl7.org/fhir/R5/codesystem-concept-map-relationship.html#equivalent" title="equivalent">is equivalent to</a></td><td>ClinicalDocument.effectiveTime</td></tr><tr><td>FRLMEnteteDocument.niveauConfidentialiteDocument</td><td><a href="http://hl7.org/fhir/R5/codesystem-concept-map-relationship.html#equivalent" title="equivalent">is equivalent to</a></td><td>ClinicalDocument.confidentialityCode</td></tr><tr><td>FRLMEnteteDocument.languePrincipaleDocument</td><td><a href="http://hl7.org/fhir/R5/codesystem-concept-map-relationship.html#equivalent" title="equivalent">is equivalent to</a></td><td>ClinicalDocument.languageCode</td></tr><tr><td>FRLMEnteteDocument.identifiantLotDeVersionsDocument</td><td><a href="http://hl7.org/fhir/R5/codesystem-concept-map-relationship.html#equivalent" title="equivalent">is equivalent to</a></td><td>ClinicalDocument.setId</td></tr><tr><td>FRLMEnteteDocument.versionDocument</td><td><a href="http://hl7.org/fhir/R5/codesystem-concept-map-relationship.html#equivalent" title="equivalent">is equivalent to</a></td><td>ClinicalDocument.versionNumber</td></tr><tr><td>FRLMEnteteDocument.StatutDocument</td><td><a href="http://hl7.org/fhir/R5/codesystem-concept-map-relationship.html#equivalent" title="equivalent">is equivalent to</a></td><td>ClinicalDocument.documentationOf.serviceEvent.lab:statusCode</td></tr><tr><td>FRLMEnteteDocument.patient</td><td><a href="http://hl7.org/fhir/R5/codesystem-concept-map-relationship.html#equivalent" title="equivalent">is equivalent to</a></td><td>ClinicalDocument.recordTarget</td></tr><tr><td>FRLMEnteteDocument.auteur</td><td><a href="http://hl7.org/fhir/R5/codesystem-concept-map-relationship.html#equivalent" title="equivalent">is equivalent to</a></td><td>ClinicalDocument.author</td></tr><tr><td>FRLMEnteteDocument.operateurSaisie</td><td><a href="http://hl7.org/fhir/R5/codesystem-concept-map-relationship.html#equivalent" title="equivalent">is equivalent to</a></td><td>ClinicalDocument.dataEnterer</td></tr><tr><td>FRLMEnteteDocument.informateur</td><td><a href="http://hl7.org/fhir/R5/codesystem-concept-map-relationship.html#equivalent" title="equivalent">is equivalent to</a></td><td>ClinicalDocument.informant</td></tr><tr><td>FRLMEnteteDocument.structureConservation</td><td><a href="http://hl7.org/fhir/R5/codesystem-concept-map-relationship.html#equivalent" title="equivalent">is equivalent to</a></td><td>ClinicalDocument.custodian</td></tr><tr><td>FRLMEnteteDocument.destinataire</td><td><a href="http://hl7.org/fhir/R5/codesystem-concept-map-relationship.html#equivalent" title="equivalent">is equivalent to</a></td><td>ClinicalDocument.informationRecipient</td></tr><tr><td>FRLMEnteteDocument.responsable</td><td><a href="http://hl7.org/fhir/R5/codesystem-concept-map-relationship.html#equivalent" title="equivalent">is equivalent to</a></td><td>ClinicalDocument.legalAuthenticator</td></tr><tr><td>FRLMEnteteDocument.validateur</td><td><a href="http://hl7.org/fhir/R5/codesystem-concept-map-relationship.html#equivalent" title="equivalent">is equivalent to</a></td><td>ClinicalDocument.authenticator</td></tr><tr><td>FRLMEnteteDocument.participant</td><td><a href="http://hl7.org/fhir/R5/codesystem-concept-map-relationship.html#equivalent" title="equivalent">is equivalent to</a></td><td>ClinicalDocument.participant</td></tr><tr><td>FRLMEnteteDocument.prescription</td><td><a href="http://hl7.org/fhir/R5/codesystem-concept-map-relationship.html#equivalent" title="equivalent">is equivalent to</a></td><td>ClinicalDocument.inFulfillmentOf</td></tr><tr><td>FRLMEnteteDocument.evenement</td><td><a href="http://hl7.org/fhir/R5/codesystem-concept-map-relationship.html#equivalent" title="equivalent">is equivalent to</a></td><td>ClinicalDocument.documentationOf</td></tr><tr><td>FRLMEnteteDocument.documentDeReference</td><td><a href="http://hl7.org/fhir/R5/codesystem-concept-map-relationship.html#equivalent" title="equivalent">is equivalent to</a></td><td>ClinicalDocument.relatedDocument</td></tr><tr><td>FRLMEnteteDocument.consentementAssocie</td><td><a href="http://hl7.org/fhir/R5/codesystem-concept-map-relationship.html#equivalent" title="equivalent">is equivalent to</a></td><td>ClinicalDocument.authorization</td></tr><tr><td>FRLMEnteteDocument.priseEncharge</td><td><a href="http://hl7.org/fhir/R5/codesystem-concept-map-relationship.html#equivalent" title="equivalent">is equivalent to</a></td><td>ClinicalDocument.componentOf</td></tr></table><hr/><p><b>Groupe 2 </b>Mapping de <a href="StructureDefinition-fr-cda-clinical-document.html">CDA - clinicalDocument</a> to <a href="StructureDefinition-fr-bundle-document.html">FR Bundle Document</a></p><table class="grid"><tr><td><b>Code source</b></td><td><b>relation</b></td><td><b>Code cible</b></td></tr><tr><td>ClinicalDocument.id</td><td><a href="http://hl7.org/fhir/R5/codesystem-concept-map-relationship.html#equivalent" title="equivalent">is equivalent to</a></td><td>Bundle.identifier</td></tr></table><hr/><p><b>Groupe 3 </b>Mapping de <a href="StructureDefinition-fr-cda-clinical-document.html">CDA - clinicalDocument</a> to <a href="StructureDefinition-fr-composition-document.html">FR Composition Document</a></p><table class="grid"><tr><td><b>Code source</b></td><td><b>relation</b></td><td><b>Code cible</b></td><td><b>Commentaire</b></td></tr><tr><td>ClinicalDocument.templateId</td><td><a href="http://hl7.org/fhir/R5/codesystem-concept-map-relationship.html#equivalent" title="equivalent">is equivalent to</a></td><td>Composition.meta.profile</td><td/></tr><tr><td>ClinicalDocument.code</td><td><a href="http://hl7.org/fhir/R5/codesystem-concept-map-relationship.html#equivalent" title="equivalent">is equivalent to</a></td><td>Composition.type</td><td/></tr><tr><td>ClinicalDocument.title</td><td><a href="http://hl7.org/fhir/R5/codesystem-concept-map-relationship.html#equivalent" title="equivalent">is equivalent to</a></td><td>Composition.title</td><td/></tr><tr><td>ClinicalDocument.effectiveTime</td><td><a href="http://hl7.org/fhir/R5/codesystem-concept-map-relationship.html#equivalent" title="equivalent">is equivalent to</a></td><td>Composition.date</td><td/></tr><tr><td>ClinicalDocument.confidentialityCode</td><td><a href="http://hl7.org/fhir/R5/codesystem-concept-map-relationship.html#equivalent" title="equivalent">is equivalent to</a></td><td>Composition.confidentiality</td><td/></tr><tr><td>ClinicalDocument.languageCode</td><td><a href="http://hl7.org/fhir/R5/codesystem-concept-map-relationship.html#equivalent" title="equivalent">is equivalent to</a></td><td>Composition.language</td><td/></tr><tr><td>ClinicalDocument.setId</td><td><a href="http://hl7.org/fhir/R5/codesystem-concept-map-relationship.html#equivalent" title="equivalent">is equivalent to</a></td><td>Composition.identifier</td><td/></tr><tr><td>ClinicalDocument.versionNumber</td><td><a href="http://hl7.org/fhir/R5/codesystem-concept-map-relationship.html#equivalent" title="equivalent">is equivalent to</a></td><td>Composition.extension:R5-Composition-version</td><td> http://hl7.org/fhir/5.0/StructureDefinition/extension-Composition.version</td></tr><tr><td>ClinicalDocument.documentationOf.serviceEvent.lab:statusCode</td><td><a href="http://hl7.org/fhir/R5/codesystem-concept-map-relationship.html#equivalent" title="equivalent">is equivalent to</a></td><td>Composition.status</td><td/></tr><tr><td>ClinicalDocument.recordTarget</td><td><a href="http://hl7.org/fhir/R5/codesystem-concept-map-relationship.html#equivalent" title="equivalent">is equivalent to</a></td><td>Composition.subject</td><td/></tr><tr><td>ClinicalDocument.author</td><td><a href="http://hl7.org/fhir/R5/codesystem-concept-map-relationship.html#equivalent" title="equivalent">is equivalent to</a></td><td>Composition.author</td><td>Composition.author.resolve().ofType(PractitionerRole)</td></tr><tr><td>ClinicalDocument.dataEnterer</td><td><a href="http://hl7.org/fhir/R5/codesystem-concept-map-relationship.html#equivalent" title="equivalent">is equivalent to</a></td><td>Composition.extension:data-enterer</td><td>http://hl7.org/fhir/uv/fhir-clinical-document/StructureDefinition/data-enterer-extension</td></tr><tr><td>ClinicalDocument.informant</td><td><a href="http://hl7.org/fhir/R5/codesystem-concept-map-relationship.html#equivalent" title="equivalent">is equivalent to</a></td><td>Composition.extension:informant</td><td>http://hl7.org/fhir/uv/fhir-clinical-document/StructureDefinition/informant-extension</td></tr><tr><td>ClinicalDocument.custodian</td><td><a href="http://hl7.org/fhir/R5/codesystem-concept-map-relationship.html#equivalent" title="equivalent">is equivalent to</a></td><td>Composition.custodian</td><td>Composition.custodian.resolve().ofType(Organization)</td></tr><tr><td>ClinicalDocument.informationRecipient</td><td><a href="http://hl7.org/fhir/R5/codesystem-concept-map-relationship.html#equivalent" title="equivalent">is equivalent to</a></td><td>Composition.extension:informationRecipient</td><td>http://hl7.org/fhir/uv/fhir-clinical-document/StructureDefinition/information-recipient-extension</td></tr><tr><td>ClinicalDocument.legalAuthenticator</td><td><a href="http://hl7.org/fhir/R5/codesystem-concept-map-relationship.html#equivalent" title="equivalent">is equivalent to</a></td><td>Composition.attester</td><td>attester.mode = 'legal'</td></tr><tr><td>ClinicalDocument.authenticator</td><td><a href="http://hl7.org/fhir/R5/codesystem-concept-map-relationship.html#equivalent" title="equivalent">is equivalent to</a></td><td>Composition.attester</td><td>attester.mode = 'professional'</td></tr><tr><td>ClinicalDocument.participant</td><td><a href="http://hl7.org/fhir/R5/codesystem-concept-map-relationship.html#equivalent" title="equivalent">is equivalent to</a></td><td>Composition.extension:participant</td><td>http://hl7.org/fhir/uv/fhir-clinical-document/StructureDefinition/ParticipantExtension</td></tr><tr><td>ClinicalDocument.inFulfillmentOf</td><td><a href="http://hl7.org/fhir/R5/codesystem-concept-map-relationship.html#equivalent" title="equivalent">is equivalent to</a></td><td>Composition.extension:order</td><td>http://hl7.org/fhir/uv/fhir-clinical-document/StructureDefinition/OrderExtension</td></tr><tr><td>ClinicalDocument.documentationOf</td><td><a href="http://hl7.org/fhir/R5/codesystem-concept-map-relationship.html#equivalent" title="equivalent">is equivalent to</a></td><td>Composition.event</td><td/></tr><tr><td>ClinicalDocument.relatedDocument</td><td><a href="http://hl7.org/fhir/R5/codesystem-concept-map-relationship.html#equivalent" title="equivalent">is equivalent to</a></td><td>Composition.relatesTo</td><td/></tr><tr><td>ClinicalDocument.authorization</td><td><a href="http://hl7.org/fhir/R5/codesystem-concept-map-relationship.html#equivalent" title="equivalent">is equivalent to</a></td><td>Composition.extension:consent</td><td>http://hl7.org/fhir/uv/fhir-clinical-document/StructureDefinition/consent-extension</td></tr><tr><td>ClinicalDocument.componentOf</td><td><a href="http://hl7.org/fhir/R5/codesystem-concept-map-relationship.html#equivalent" title="equivalent">is equivalent to</a></td><td>Composition.encounter</td><td>https://interop.esante.gouv.fr/ig/document/core/StructureDefinition/fr-encounter-document</td></tr></table></div>
  </text>
  <url value="https://interop.esante.gouv.fr/ig/document/core/ConceptMap/mappingmodelemetierCDAFHIR"/>
  <version value="0.1.0"/>
  <name value="Mapping Métier/CDA/FHIR  : Entête d'un document"/>
  <title value="Mapping Métier/CDA/FHIR  : Entête d'un document"/>
  <status value="draft"/>
  <experimental value="false"/>
  <date value="2026-01-09T13:49:11+00:00"/>
  <publisher value="Agence du Numérique en Santé (ANS) - 2-10 Rue d'Oradour-sur-Glane, 75015 Paris"/>
  <contact>
    <name value="Agence du Numérique en Santé (ANS) - 2-10 Rue d'Oradour-sur-Glane, 75015 Paris"/>
    <telecom>
      <system value="url"/>
      <value value="https://esante.gouv.fr"/>
    </telecom>
  </contact>
  <description value="Ce ConceptMap présente trois groupes de mapping :&#xA; - Mapping 1 : entre le modèle métier \&quot;EnteteDocument\&quot; et l'élément CDA \&quot;clinicalDocument\&quot;&#xA; - Mapping 2 : entre l'élément CDA \&quot;clinicalDocument\&quot; et le profil FHIR \&quot;FrBundleDocument\&quot;&#xA; - Mapping 3 : entre l'élément CDA \&quot;clinicalDocument\&quot; et le profil FHIR \&quot;FrCompositionDocument\&quot; "/>
  <jurisdiction>
    <coding>
      <system value="urn:iso:std:iso:3166"/>
      <code value="FR"/>
      <display value="FRANCE"/>
    </coding>
  </jurisdiction>
  <group>
    <source value="https://interop.esante.gouv.fr/ig/document/core/StructureDefinition/fr-lm-entete-document"/>
    <target value="https://interop.esante.gouv.fr/ig/document/core/StructureDefinition/fr-cda-clinical-document"/>
    <element>
      <code value="FRLMEnteteDocument"/>
      <target>
        <code value="ClinicalDocument"/>
        <equivalence value="equivalent"/>
      </target>
    </element>
    <element>
      <code value="FRLMEnteteDocument.identifiantUniqueDocument"/>
      <target>
        <code value="ClinicalDocument.id"/>
        <equivalence value="equivalent"/>
      </target>
    </element>
    <element>
      <code value="FRLMEnteteDocument.modeleDocument"/>
      <target>
        <code value="ClinicalDocument.templateId"/>
        <equivalence value="equivalent"/>
      </target>
    </element>
    <element>
      <code value="FRLMEnteteDocument.typeDocument"/>
      <target>
        <code value="ClinicalDocument.code"/>
        <equivalence value="equivalent"/>
      </target>
    </element>
    <element>
      <code value="FRLMEnteteDocument.titreDocument"/>
      <target>
        <code value="ClinicalDocument.title"/>
        <equivalence value="equivalent"/>
      </target>
    </element>
    <element>
      <code value="FRLMEnteteDocument.dateDeCreationDocument"/>
      <target>
        <code value="ClinicalDocument.effectiveTime"/>
        <equivalence value="equivalent"/>
      </target>
    </element>
    <element>
      <code value="FRLMEnteteDocument.niveauConfidentialiteDocument"/>
      <target>
        <code value="ClinicalDocument.confidentialityCode"/>
        <equivalence value="equivalent"/>
      </target>
    </element>
    <element>
      <code value="FRLMEnteteDocument.languePrincipaleDocument"/>
      <target>
        <code value="ClinicalDocument.languageCode"/>
        <equivalence value="equivalent"/>
      </target>
    </element>
    <element>
      <code value="FRLMEnteteDocument.identifiantLotDeVersionsDocument"/>
      <target>
        <code value="ClinicalDocument.setId"/>
        <equivalence value="equivalent"/>
      </target>
    </element>
    <element>
      <code value="FRLMEnteteDocument.versionDocument"/>
      <target>
        <code value="ClinicalDocument.versionNumber"/>
        <equivalence value="equivalent"/>
      </target>
    </element>
    <element>
      <code value="FRLMEnteteDocument.StatutDocument"/>
      <target>
        <code value="ClinicalDocument.documentationOf.serviceEvent.lab:statusCode"/>
        <equivalence value="equivalent"/>
      </target>
    </element>
    <element>
      <code value="FRLMEnteteDocument.patient"/>
      <target>
        <code value="ClinicalDocument.recordTarget"/>
        <equivalence value="equivalent"/>
      </target>
    </element>
    <element>
      <code value="FRLMEnteteDocument.auteur"/>
      <target>
        <code value="ClinicalDocument.author"/>
        <equivalence value="equivalent"/>
      </target>
    </element>
    <element>
      <code value="FRLMEnteteDocument.operateurSaisie"/>
      <target>
        <code value="ClinicalDocument.dataEnterer"/>
        <equivalence value="equivalent"/>
      </target>
    </element>
    <element>
      <code value="FRLMEnteteDocument.informateur"/>
      <target>
        <code value="ClinicalDocument.informant"/>
        <equivalence value="equivalent"/>
      </target>
    </element>
    <element>
      <code value="FRLMEnteteDocument.structureConservation"/>
      <target>
        <code value="ClinicalDocument.custodian"/>
        <equivalence value="equivalent"/>
      </target>
    </element>
    <element>
      <code value="FRLMEnteteDocument.destinataire"/>
      <target>
        <code value="ClinicalDocument.informationRecipient"/>
        <equivalence value="equivalent"/>
      </target>
    </element>
    <element>
      <code value="FRLMEnteteDocument.responsable"/>
      <target>
        <code value="ClinicalDocument.legalAuthenticator"/>
        <equivalence value="equivalent"/>
      </target>
    </element>
    <element>
      <code value="FRLMEnteteDocument.validateur"/>
      <target>
        <code value="ClinicalDocument.authenticator"/>
        <equivalence value="equivalent"/>
      </target>
    </element>
    <element>
      <code value="FRLMEnteteDocument.participant"/>
      <target>
        <code value="ClinicalDocument.participant"/>
        <equivalence value="equivalent"/>
      </target>
    </element>
    <element>
      <code value="FRLMEnteteDocument.prescription"/>
      <target>
        <code value="ClinicalDocument.inFulfillmentOf"/>
        <equivalence value="equivalent"/>
      </target>
    </element>
    <element>
      <code value="FRLMEnteteDocument.evenement"/>
      <target>
        <code value="ClinicalDocument.documentationOf"/>
        <equivalence value="equivalent"/>
      </target>
    </element>
    <element>
      <code value="FRLMEnteteDocument.documentDeReference"/>
      <target>
        <code value="ClinicalDocument.relatedDocument"/>
        <equivalence value="equivalent"/>
      </target>
    </element>
    <element>
      <code value="FRLMEnteteDocument.consentementAssocie"/>
      <target>
        <code value="ClinicalDocument.authorization"/>
        <equivalence value="equivalent"/>
      </target>
    </element>
    <element>
      <code value="FRLMEnteteDocument.priseEncharge"/>
      <target>
        <code value="ClinicalDocument.componentOf"/>
        <equivalence value="equivalent"/>
      </target>
    </element>
  </group>
  <group>
    <source value="https://interop.esante.gouv.fr/ig/document/core/StructureDefinition/fr-cda-clinical-document"/>
    <target value="https://interop.esante.gouv.fr/ig/document/core/StructureDefinition/fr-bundle-document"/>
    <element>
      <code value="ClinicalDocument.id"/>
      <target>
        <code value="Bundle.identifier"/>
        <equivalence value="equivalent"/>
      </target>
    </element>
  </group>
  <group>
    <source value="https://interop.esante.gouv.fr/ig/document/core/StructureDefinition/fr-cda-clinical-document"/>
    <target value="https://interop.esante.gouv.fr/ig/document/core/StructureDefinition/fr-composition-document"/>
    <element>
      <code value="ClinicalDocument.templateId"/>
      <target>
        <code value="Composition.meta.profile"/>
        <equivalence value="equivalent"/>
      </target>
    </element>
    <element>
      <code value="ClinicalDocument.code"/>
      <target>
        <code value="Composition.type"/>
        <equivalence value="equivalent"/>
      </target>
    </element>
    <element>
      <code value="ClinicalDocument.title"/>
      <target>
        <code value="Composition.title"/>
        <equivalence value="equivalent"/>
      </target>
    </element>
    <element>
      <code value="ClinicalDocument.effectiveTime"/>
      <target>
        <code value="Composition.date"/>
        <equivalence value="equivalent"/>
      </target>
    </element>
    <element>
      <code value="ClinicalDocument.confidentialityCode"/>
      <target>
        <code value="Composition.confidentiality"/>
        <equivalence value="equivalent"/>
      </target>
    </element>
    <element>
      <code value="ClinicalDocument.languageCode"/>
      <target>
        <code value="Composition.language"/>
        <equivalence value="equivalent"/>
      </target>
    </element>
    <element>
      <code value="ClinicalDocument.setId"/>
      <target>
        <code value="Composition.identifier"/>
        <equivalence value="equivalent"/>
      </target>
    </element>
    <element>
      <code value="ClinicalDocument.versionNumber"/>
      <target>
        <code value="Composition.extension:R5-Composition-version"/>
        <equivalence value="equivalent"/>
        <comment value=" http://hl7.org/fhir/5.0/StructureDefinition/extension-Composition.version"/>
      </target>
    </element>
    <element>
      <code value="ClinicalDocument.documentationOf.serviceEvent.lab:statusCode"/>
      <target>
        <code value="Composition.status"/>
        <equivalence value="equivalent"/>
      </target>
    </element>
    <element>
      <code value="ClinicalDocument.recordTarget"/>
      <target>
        <code value="Composition.subject"/>
        <equivalence value="equivalent"/>
      </target>
    </element>
    <element>
      <code value="ClinicalDocument.author"/>
      <target>
        <code value="Composition.author"/>
        <equivalence value="equivalent"/>
        <comment value="Composition.author.resolve().ofType(PractitionerRole)"/>
      </target>
    </element>
    <element>
      <code value="ClinicalDocument.dataEnterer"/>
      <target>
        <code value="Composition.extension:data-enterer"/>
        <equivalence value="equivalent"/>
        <comment value="http://hl7.org/fhir/uv/fhir-clinical-document/StructureDefinition/data-enterer-extension"/>
      </target>
    </element>
    <element>
      <code value="ClinicalDocument.informant"/>
      <target>
        <code value="Composition.extension:informant"/>
        <equivalence value="equivalent"/>
        <comment value="http://hl7.org/fhir/uv/fhir-clinical-document/StructureDefinition/informant-extension"/>
      </target>
    </element>
    <element>
      <code value="ClinicalDocument.custodian"/>
      <target>
        <code value="Composition.custodian"/>
        <equivalence value="equivalent"/>
        <comment value="Composition.custodian.resolve().ofType(Organization)"/>
      </target>
    </element>
    <element>
      <code value="ClinicalDocument.informationRecipient"/>
      <target>
        <code value="Composition.extension:informationRecipient"/>
        <equivalence value="equivalent"/>
        <comment value="http://hl7.org/fhir/uv/fhir-clinical-document/StructureDefinition/information-recipient-extension"/>
      </target>
    </element>
    <element>
      <code value="ClinicalDocument.legalAuthenticator"/>
      <target>
        <code value="Composition.attester"/>
        <equivalence value="equivalent"/>
        <comment value="attester.mode = 'legal'"/>
      </target>
    </element>
    <element>
      <code value="ClinicalDocument.authenticator"/>
      <target>
        <code value="Composition.attester"/>
        <equivalence value="equivalent"/>
        <comment value="attester.mode = 'professional'"/>
      </target>
    </element>
    <element>
      <code value="ClinicalDocument.participant"/>
      <target>
        <code value="Composition.extension:participant"/>
        <equivalence value="equivalent"/>
        <comment value="http://hl7.org/fhir/uv/fhir-clinical-document/StructureDefinition/ParticipantExtension"/>
      </target>
    </element>
    <element>
      <code value="ClinicalDocument.inFulfillmentOf"/>
      <target>
        <code value="Composition.extension:order"/>
        <equivalence value="equivalent"/>
        <comment value="http://hl7.org/fhir/uv/fhir-clinical-document/StructureDefinition/OrderExtension"/>
      </target>
    </element>
    <element>
      <code value="ClinicalDocument.documentationOf"/>
      <target>
        <code value="Composition.event"/>
        <equivalence value="equivalent"/>
      </target>
    </element>
    <element>
      <code value="ClinicalDocument.relatedDocument"/>
      <target>
        <code value="Composition.relatesTo"/>
        <equivalence value="equivalent"/>
      </target>
    </element>
    <element>
      <code value="ClinicalDocument.authorization"/>
      <target>
        <code value="Composition.extension:consent"/>
        <equivalence value="equivalent"/>
        <comment value="http://hl7.org/fhir/uv/fhir-clinical-document/StructureDefinition/consent-extension"/>
      </target>
    </element>
    <element>
      <code value="ClinicalDocument.componentOf"/>
      <target>
        <code value="Composition.encounter"/>
        <equivalence value="equivalent"/>
        <comment value="https://interop.esante.gouv.fr/ig/document/core/StructureDefinition/fr-encounter-document"/>
      </target>
    </element>
  </group>
</ConceptMap>