"Id","Path","Slice Name","Alias(s)","Label","Min","Max","Must Support?","Is Modifier?","Is Summary?","Type(s)","Short","Definition","Comments","Requirements","Default Value","Meaning When Missing","Fixed Value","Pattern","Example","Minimum Value","Maximum Value","Maximum Length","Binding Strength","Binding Description","Binding Value Set","Code","Slicing Discriminator","Slicing Description","Slicing Ordered","Slicing Rules","Base Path","Base Min","Base Max","Condition(s)","Constraint(s)"
"fr-lm-object-catalog","fr-lm-object-catalog","","","",0,*,"","","","null {[]} {[]}
","Modèle logique métier - FR LM Object Catalog","Section Object Catalog","","","","","","","","","",,,,,"",,,,"Base",0,*,"",""
"fr-lm-object-catalog.codeSection","fr-lm-object-catalog.codeSection","","","",1,1,"","","","CodeableConcept {[]} {[]}
","Code de la section","Code de la section","","","","","","","","","",,,,,"",,,,"fr-lm-section.codeSection",1,1,"",""
"fr-lm-object-catalog.titreSection","fr-lm-object-catalog.titreSection","","","",1,1,"","","","string {[]} {[]}
","Titre de la section","Titre de la section","","","","","","","","","",,,,,"",,,,"fr-lm-section.titreSection",0,1,"",""
"fr-lm-object-catalog.blocNarratif","fr-lm-object-catalog.blocNarratif","","","",1,1,"","","","Narrative {[]} {[]}
","Bloc narratif","Bloc narratif","","","","","","","","","",,,,,"",,,,"fr-lm-section.blocNarratif",1,1,"",""
"fr-lm-object-catalog.sousSection","fr-lm-object-catalog.sousSection","","","",0,0,"","","","Base {[]} {[]}
","Sous-sections","Sous-sections","","","","","","","","","",,,,,"",,,,"fr-lm-section.sousSection",0,*,"",""
"fr-lm-object-catalog.entree","fr-lm-object-catalog.entree","","","",0,*,"","","","Base {[]} {[]}
","Entrées","Entrées","","","","","","","","","",,,,,"",,,,"fr-lm-section.entree",0,*,"",""
"fr-lm-object-catalog.entree.examenImagerie","fr-lm-object-catalog.entree.examenImagerie","","","",0,*,"","","","https://interop.esante.gouv.fr/ig/document/core/StructureDefinition/fr-lm-examen-imagerie {[]} {[]}
","Entrée Examen imagerie","Entrée Examen imagerie","","","","","","","","","",,,,,"",,,,"fr-lm-object-catalog.entree.examenImagerie",0,*,"",""
