<?xml version="1.0" encoding="UTF-8"?><ValueSet xmlns="http://hl7.org/fhir"><id value="fr-doc-vs-role-prise-charge"/><meta><profile value="http://hl7.org/fhir/StructureDefinition/shareablevalueset"/></meta><text><status value="generated"/><div xmlns="http://www.w3.org/1999/xhtml"><p class="res-header-id"><b>Narratif généré : EnsembleValeurs fr-doc-vs-role-prise-charge</b></p><a name="fr-doc-vs-role-prise-charge"> </a><a name="hcfr-doc-vs-role-prise-charge"> </a><div style="display: inline-block; background-color: #d9e0e7; padding: 6px; margin: 4px; border: 1px solid #8da1b4; border-radius: 5px; line-height: 60%"><p style="margin-bottom: 0px"/><p style="margin-bottom: 0px">Profil: <a href="http://hl7.org/fhir/R4/shareablevalueset.html">Shareable ValueSet</a></p></div><ul><li>Include tous les codes définis dans <a href="https://interop.esante.gouv.fr/terminologies/1.4.0/CodeSystem-TRE-R85-RolePriseCharge.html"><code>https://mos.esante.gouv.fr/NOS/TRE_R85-RolePriseCharge/FHIR/TRE-R85-RolePriseCharge</code></a><span title="La version nest pas explicitement indiquée, ce qui signifie quelle est fixée à 20250919120000, la version trouvée via les références de package"> version 📦20250919120000</span></li></ul></div></text><url value="https://interop.esante.gouv.fr/ig/document/core/ValueSet/fr-doc-vs-role-prise-charge"/><version value="0.1.0"/><name value="FRValueSetRolePriseCharge"/><title value="Fr ValueSet RolePriseCharge"/><status value="draft"/><experimental value="false"/><date value="2026-01-16T14:59:20+00:00"/><publisher value="Agence du Numérique en Santé (ANS) - 2-10 Rue d'Oradour-sur-Glane, 75015 Paris"/><contact><name value="Agence du Numérique en Santé (ANS) - 2-10 Rue d'Oradour-sur-Glane, 75015 Paris"/><telecom><system value="url"/><value value="https://esante.gouv.fr"/></telecom></contact><description value="Pour les professions 41 (Assistant de service social) et 99 (Acteur caractérisé par son rôle)."/><jurisdiction><coding><system value="urn:iso:std:iso:3166"/><code value="FR"/><display value="FRANCE"/></coding></jurisdiction><compose><include><system value="https://mos.esante.gouv.fr/NOS/TRE_R85-RolePriseCharge/FHIR/TRE-R85-RolePriseCharge"/></include></compose></ValueSet>